t,cmdty,market_id,market_name,state_id,state_name,district_id,district_name,variety,p_min,p_max,p_modal
"2022-12-31","Tomato","1903","Dadri","9","Uttar Pradesh","141","Gautam Buddha Nagar","Hybrid","1200","1400","1300"
"2022-12-31","Tomato","1903","Dadri","9","Uttar Pradesh","141","Gautam Buddha Nagar","Deshi","1150","1300","1230"
"2022-12-29","Tomato","1903","Dadri","9","Uttar Pradesh","141","Gautam Buddha Nagar","Deshi","1140","1350","1240"
"2022-12-29","Tomato","1903","Dadri","9","Uttar Pradesh","141","Gautam Buddha Nagar","Hybrid","1220","1420","1320"
"2022-12-27","Tomato","1903","Dadri","9","Uttar Pradesh","141","Gautam Buddha Nagar","Deshi","1120","1320","1220"
"2022-12-27","Tomato","1903","Dadri","9","Uttar Pradesh","141","Gautam Buddha Nagar","Hybrid","1200","1400","1300"
"2022-12-25","Tomato","1903","Dadri","9","Uttar Pradesh","141","Gautam Buddha Nagar","Hybrid","1250","1400","1320"
"2022-12-25","Tomato","1903","Dadri","9","Uttar Pradesh","141","Gautam Buddha Nagar","Deshi","1150","1350","1250"
"2022-12-24","Tomato","1903","Dadri","9","Uttar Pradesh","141","Gautam Buddha Nagar","Deshi","1150","1350","1250"
"2022-12-24","Tomato","1903","Dadri","9","Uttar Pradesh","141","Gautam Buddha Nagar","Hybrid","1220","1420","1320"
"2022-12-23","Tomato","1903","Dadri","9","Uttar Pradesh","141","Gautam Buddha Nagar","Deshi","1130","1330","1230"
"2022-12-23","Tomato","1903","Dadri","9","Uttar Pradesh","141","Gautam Buddha Nagar","Hybrid","1200","1400","1300"
"2022-12-22","Tomato","1903","Dadri","9","Uttar Pradesh","141","Gautam Buddha Nagar","Hybrid","1220","1400","1320"
"2022-12-22","Tomato","1903","Dadri","9","Uttar Pradesh","141","Gautam Buddha Nagar","Deshi","1150","1350","1250"
"2022-12-20","Tomato","1903","Dadri","9","Uttar Pradesh","141","Gautam Buddha Nagar","Hybrid","1220","1420","1320"
"2022-12-20","Tomato","1903","Dadri","9","Uttar Pradesh","141","Gautam Buddha Nagar","Deshi","1150","1350","1250"
"2022-12-17","Tomato","1903","Dadri","9","Uttar Pradesh","141","Gautam Buddha Nagar","Deshi","1100","1300","1200"
"2022-12-17","Tomato","1903","Dadri","9","Uttar Pradesh","141","Gautam Buddha Nagar","Hybrid","1180","1350","1270"
"2022-12-16","Tomato","1903","Dadri","9","Uttar Pradesh","141","Gautam Buddha Nagar","Hybrid","1200","1400","1300"
"2022-12-16","Tomato","1903","Dadri","9","Uttar Pradesh","141","Gautam Buddha Nagar","Deshi","1150","1300","1230"
"2022-12-15","Tomato","1903","Dadri","9","Uttar Pradesh","141","Gautam Buddha Nagar","Deshi","1150","1300","1230"
"2022-12-15","Tomato","1903","Dadri","9","Uttar Pradesh","141","Gautam Buddha Nagar","Hybrid","1200","1400","1300"
"2022-12-13","Tomato","1903","Dadri","9","Uttar Pradesh","141","Gautam Buddha Nagar","Deshi","1150","1350","1250"
"2022-12-13","Tomato","1903","Dadri","9","Uttar Pradesh","141","Gautam Buddha Nagar","Hybrid","1220","1420","1320"
"2022-12-12","Tomato","1903","Dadri","9","Uttar Pradesh","141","Gautam Buddha Nagar","Hybrid","1200","1400","1300"
"2022-12-12","Tomato","1903","Dadri","9","Uttar Pradesh","141","Gautam Buddha Nagar","Deshi","1150","1300","1230"
"2022-12-09","Tomato","1903","Dadri","9","Uttar Pradesh","141","Gautam Buddha Nagar","Hybrid","1240","1400","1320"
"2022-12-09","Tomato","1903","Dadri","9","Uttar Pradesh","141","Gautam Buddha Nagar","Deshi","1170","1330","1250"
"2022-12-08","Tomato","1903","Dadri","9","Uttar Pradesh","141","Gautam Buddha Nagar","Deshi","1200","1380","1280"
"2022-12-08","Tomato","1903","Dadri","9","Uttar Pradesh","141","Gautam Buddha Nagar","Hybrid","1280","1450","1360"
"2022-12-06","Tomato","1903","Dadri","9","Uttar Pradesh","141","Gautam Buddha Nagar","Deshi","1200","1370","1270"
"2022-12-06","Tomato","1903","Dadri","9","Uttar Pradesh","141","Gautam Buddha Nagar","Hybrid","1250","1450","1350"
"2022-12-05","Tomato","1903","Dadri","9","Uttar Pradesh","141","Gautam Buddha Nagar","Deshi","1170","1350","1270"
"2022-12-05","Tomato","1903","Dadri","9","Uttar Pradesh","141","Gautam Buddha Nagar","Hybrid","1250","1450","1350"
"2022-12-03","Tomato","1903","Dadri","9","Uttar Pradesh","141","Gautam Buddha Nagar","Deshi","1200","1400","1300"
"2022-12-03","Tomato","1903","Dadri","9","Uttar Pradesh","141","Gautam Buddha Nagar","Hybrid","1280","1450","1370"
"2022-11-29","Tomato","1903","Dadri","9","Uttar Pradesh","141","Gautam Buddha Nagar","Hybrid","1390","1550","1470"
"2022-11-29","Tomato","1903","Dadri","9","Uttar Pradesh","141","Gautam Buddha Nagar","Deshi","1300","1500","1400"
"2022-11-28","Tomato","1903","Dadri","9","Uttar Pradesh","141","Gautam Buddha Nagar","Hybrid","1380","1550","1470"
"2022-11-28","Tomato","1903","Dadri","9","Uttar Pradesh","141","Gautam Buddha Nagar","Deshi","1300","1500","1400"
"2022-11-27","Tomato","1903","Dadri","9","Uttar Pradesh","141","Gautam Buddha Nagar","Hybrid","1450","1650","1550"
"2022-11-27","Tomato","1903","Dadri","9","Uttar Pradesh","141","Gautam Buddha Nagar","Deshi","1380","1550","1470"
"2022-11-26","Tomato","1903","Dadri","9","Uttar Pradesh","141","Gautam Buddha Nagar","Hybrid","1420","1620","1520"
"2022-11-26","Tomato","1903","Dadri","9","Uttar Pradesh","141","Gautam Buddha Nagar","Deshi","1350","1550","1450"
"2022-11-25","Tomato","1903","Dadri","9","Uttar Pradesh","141","Gautam Buddha Nagar","Hybrid","1440","1600","1520"
"2022-11-25","Tomato","1903","Dadri","9","Uttar Pradesh","141","Gautam Buddha Nagar","Deshi","1350","1550","1450"
"2022-11-24","Tomato","1903","Dadri","9","Uttar Pradesh","141","Gautam Buddha Nagar","Deshi","1300","1480","1400"
"2022-11-24","Tomato","1903","Dadri","9","Uttar Pradesh","141","Gautam Buddha Nagar","Hybrid","1400","1550","1470"
"2022-11-22","Tomato","1903","Dadri","9","Uttar Pradesh","141","Gautam Buddha Nagar","Hybrid","1500","1650","1570"
"2022-11-22","Tomato","1903","Dadri","9","Uttar Pradesh","141","Gautam Buddha Nagar","Deshi","1400","1600","1500"
"2022-11-21","Tomato","1903","Dadri","9","Uttar Pradesh","141","Gautam Buddha Nagar","Deshi","1570","1750","1670"
"2022-11-21","Tomato","1903","Dadri","9","Uttar Pradesh","141","Gautam Buddha Nagar","Hybrid","1650","1800","1730"
"2022-11-20","Tomato","1903","Dadri","9","Uttar Pradesh","141","Gautam Buddha Nagar","Deshi","1600","1800","1700"
"2022-11-20","Tomato","1903","Dadri","9","Uttar Pradesh","141","Gautam Buddha Nagar","Hybrid","1690","1850","1770"
"2022-11-19","Tomato","1903","Dadri","9","Uttar Pradesh","141","Gautam Buddha Nagar","Deshi","1650","1800","1730"
"2022-11-19","Tomato","1903","Dadri","9","Uttar Pradesh","141","Gautam Buddha Nagar","Hybrid","1720","1900","1800"
"2022-11-18","Tomato","1903","Dadri","9","Uttar Pradesh","141","Gautam Buddha Nagar","Hybrid","1680","1850","1770"
"2022-11-18","Tomato","1903","Dadri","9","Uttar Pradesh","141","Gautam Buddha Nagar","Deshi","1600","1800","1700"
"2022-11-17","Tomato","1903","Dadri","9","Uttar Pradesh","141","Gautam Buddha Nagar","Hybrid","1680","1850","1770"
"2022-11-17","Tomato","1903","Dadri","9","Uttar Pradesh","141","Gautam Buddha Nagar","Deshi","1600","1800","1700"
"2022-11-15","Tomato","1903","Dadri","9","Uttar Pradesh","141","Gautam Buddha Nagar","Deshi","1950","2130","2050"
"2022-11-15","Tomato","1903","Dadri","9","Uttar Pradesh","141","Gautam Buddha Nagar","Hybrid","2000","2200","2100"
"2022-11-14","Tomato","1903","Dadri","9","Uttar Pradesh","141","Gautam Buddha Nagar","Hybrid","2000","2150","2070"
"2022-11-14","Tomato","1903","Dadri","9","Uttar Pradesh","141","Gautam Buddha Nagar","Deshi","1900","2100","2000"
"2022-11-13","Tomato","1903","Dadri","9","Uttar Pradesh","141","Gautam Buddha Nagar","Deshi","1920","2100","2000"
"2022-11-13","Tomato","1903","Dadri","9","Uttar Pradesh","141","Gautam Buddha Nagar","Hybrid","2000","2150","2070"
"2022-11-12","Tomato","1903","Dadri","9","Uttar Pradesh","141","Gautam Buddha Nagar","Deshi","2000","2200","2100"
"2022-11-12","Tomato","1903","Dadri","9","Uttar Pradesh","141","Gautam Buddha Nagar","Hybrid","2100","2250","2170"
"2022-11-11","Tomato","1903","Dadri","9","Uttar Pradesh","141","Gautam Buddha Nagar","Hybrid","2200","2350","2270"
"2022-11-11","Tomato","1903","Dadri","9","Uttar Pradesh","141","Gautam Buddha Nagar","Deshi","2100","2309","2200"
"2022-11-10","Tomato","1903","Dadri","9","Uttar Pradesh","141","Gautam Buddha Nagar","Deshi","2150","2300","2230"
"2022-11-10","Tomato","1903","Dadri","9","Uttar Pradesh","141","Gautam Buddha Nagar","Hybrid","2200","2400","2300"
"2022-11-08","Tomato","1903","Dadri","9","Uttar Pradesh","141","Gautam Buddha Nagar","Deshi","2100","2300","2200"
"2022-11-08","Tomato","1903","Dadri","9","Uttar Pradesh","141","Gautam Buddha Nagar","Hybrid","2200","2350","2270"
"2022-11-07","Tomato","1903","Dadri","9","Uttar Pradesh","141","Gautam Buddha Nagar","Hybrid","2400","2550","2470"
"2022-11-07","Tomato","1903","Dadri","9","Uttar Pradesh","141","Gautam Buddha Nagar","Deshi","2300","2500","2400"
"2022-11-06","Tomato","1903","Dadri","9","Uttar Pradesh","141","Gautam Buddha Nagar","Hybrid","2430","2600","2520"
"2022-11-06","Tomato","1903","Dadri","9","Uttar Pradesh","141","Gautam Buddha Nagar","Deshi","2350","2550","2450"
"2022-11-05","Tomato","1903","Dadri","9","Uttar Pradesh","141","Gautam Buddha Nagar","Hybrid","2350","2550","2450"
"2022-11-05","Tomato","1903","Dadri","9","Uttar Pradesh","141","Gautam Buddha Nagar","Deshi","2270","2450","2370"
"2022-11-04","Tomato","1903","Dadri","9","Uttar Pradesh","141","Gautam Buddha Nagar","Deshi","1800","2000","1900"
"2022-11-04","Tomato","1903","Dadri","9","Uttar Pradesh","141","Gautam Buddha Nagar","Hybrid","1900","2050","1970"
"2022-10-31","Tomato","1903","Dadri","9","Uttar Pradesh","141","Gautam Buddha Nagar","Deshi","2300","2500","2400"
"2022-10-31","Tomato","1903","Dadri","9","Uttar Pradesh","141","Gautam Buddha Nagar","Hybrid","2400","2550","2470"
"2022-10-30","Tomato","1903","Dadri","9","Uttar Pradesh","141","Gautam Buddha Nagar","Deshi","2350","2550","2450"
"2022-10-30","Tomato","1903","Dadri","9","Uttar Pradesh","141","Gautam Buddha Nagar","Hybrid","2440","2600","2520"
"2022-10-29","Tomato","1903","Dadri","9","Uttar Pradesh","141","Gautam Buddha Nagar","Deshi","2400","2600","2500"
"2022-10-29","Tomato","1903","Dadri","9","Uttar Pradesh","141","Gautam Buddha Nagar","Hybrid","2500","2680","2580"
"2022-10-28","Tomato","1903","Dadri","9","Uttar Pradesh","141","Gautam Buddha Nagar","Deshi","2750","2950","2850"
"2022-10-28","Tomato","1903","Dadri","9","Uttar Pradesh","141","Gautam Buddha Nagar","Hybrid","2830","3030","2930"
"2022-10-27","Tomato","1903","Dadri","9","Uttar Pradesh","141","Gautam Buddha Nagar","Deshi","2800","3000","2900"
"2022-10-27","Tomato","1903","Dadri","9","Uttar Pradesh","141","Gautam Buddha Nagar","Hybrid","2870","3070","2970"
"2022-10-25","Tomato","1903","Dadri","9","Uttar Pradesh","141","Gautam Buddha Nagar","Hybrid","2870","3070","2970"
"2022-10-25","Tomato","1903","Dadri","9","Uttar Pradesh","141","Gautam Buddha Nagar","Deshi","2800","3000","2900"
"2022-10-24","Tomato","1903","Dadri","9","Uttar Pradesh","141","Gautam Buddha Nagar","Hybrid","2900","3100","3000"
"2022-10-24","Tomato","1903","Dadri","9","Uttar Pradesh","141","Gautam Buddha Nagar","Deshi","2850","3000","2930"
"2022-10-23","Tomato","1903","Dadri","9","Uttar Pradesh","141","Gautam Buddha Nagar","Hybrid","2900","3100","3000"
"2022-10-23","Tomato","1903","Dadri","9","Uttar Pradesh","141","Gautam Buddha Nagar","Deshi","2850","3000","2930"
"2022-10-22","Tomato","1903","Dadri","9","Uttar Pradesh","141","Gautam Buddha Nagar","Deshi","2800","3000","2900"
"2022-10-22","Tomato","1903","Dadri","9","Uttar Pradesh","141","Gautam Buddha Nagar","Hybrid","2900","3050","2970"
"2022-10-21","Tomato","1903","Dadri","9","Uttar Pradesh","141","Gautam Buddha Nagar","Hybrid","2900","3050","2970"
"2022-10-21","Tomato","1903","Dadri","9","Uttar Pradesh","141","Gautam Buddha Nagar","Deshi","2800","3000","2900"
"2022-10-20","Tomato","1903","Dadri","9","Uttar Pradesh","141","Gautam Buddha Nagar","Hybrid","2850","3000","2930"
"2022-10-20","Tomato","1903","Dadri","9","Uttar Pradesh","141","Gautam Buddha Nagar","Deshi","2750","2950","2850"
"2022-10-19","Tomato","2541","Dankaur","9","Uttar Pradesh","141","Gautam Buddha Nagar","Deshi","2600","2855","2700"
"2022-10-18","Tomato","1903","Dadri","9","Uttar Pradesh","141","Gautam Buddha Nagar","Deshi","2800","3000","2900"
"2022-10-18","Tomato","1903","Dadri","9","Uttar Pradesh","141","Gautam Buddha Nagar","Hybrid","2900","3080","2980"
"2022-10-17","Tomato","1903","Dadri","9","Uttar Pradesh","141","Gautam Buddha Nagar","Hybrid","2830","3000","2930"
"2022-10-17","Tomato","1903","Dadri","9","Uttar Pradesh","141","Gautam Buddha Nagar","Deshi","2770","2970","2870"
"2022-10-17","Tomato","2541","Dankaur","9","Uttar Pradesh","141","Gautam Buddha Nagar","Deshi","2600","2800","2700"
"2022-10-16","Tomato","2541","Dankaur","9","Uttar Pradesh","141","Gautam Buddha Nagar","Deshi","2655","2855","2755"
"2022-10-16","Tomato","1903","Dadri","9","Uttar Pradesh","141","Gautam Buddha Nagar","Hybrid","2770","2980","2870"
"2022-10-16","Tomato","1903","Dadri","9","Uttar Pradesh","141","Gautam Buddha Nagar","Deshi","2700","2900","2800"
"2022-10-15","Tomato","1903","Dadri","9","Uttar Pradesh","141","Gautam Buddha Nagar","Deshi","2650","2850","2750"
"2022-10-15","Tomato","1903","Dadri","9","Uttar Pradesh","141","Gautam Buddha Nagar","Hybrid","2720","2900","2810"
"2022-10-15","Tomato","2541","Dankaur","9","Uttar Pradesh","141","Gautam Buddha Nagar","Deshi","2600","2855","2745"
"2022-10-14","Tomato","2541","Dankaur","9","Uttar Pradesh","141","Gautam Buddha Nagar","Deshi","2600","2855","2700"
"2022-10-14","Tomato","1903","Dadri","9","Uttar Pradesh","141","Gautam Buddha Nagar","Deshi","2650","2850","2750"
"2022-10-14","Tomato","1903","Dadri","9","Uttar Pradesh","141","Gautam Buddha Nagar","Hybrid","2710","2900","2810"
"2022-10-13","Tomato","1903","Dadri","9","Uttar Pradesh","141","Gautam Buddha Nagar","Deshi","2700","2880","2780"
"2022-10-13","Tomato","1903","Dadri","9","Uttar Pradesh","141","Gautam Buddha Nagar","Hybrid","2750","2920","2830"
"2022-10-12","Tomato","2541","Dankaur","9","Uttar Pradesh","141","Gautam Buddha Nagar","Deshi","2400","2650","2500"
"2022-10-11","Tomato","1903","Dadri","9","Uttar Pradesh","141","Gautam Buddha Nagar","Hybrid","2570","2770","2670"
"2022-10-11","Tomato","2541","Dankaur","9","Uttar Pradesh","141","Gautam Buddha Nagar","Deshi","2300","2655","2545"
"2022-10-11","Tomato","1903","Dadri","9","Uttar Pradesh","141","Gautam Buddha Nagar","Deshi","2500","2700","2600"
"2022-10-10","Tomato","1903","Dadri","9","Uttar Pradesh","141","Gautam Buddha Nagar","Deshi","2500","2700","2600"
"2022-10-10","Tomato","2541","Dankaur","9","Uttar Pradesh","141","Gautam Buddha Nagar","Deshi","2400","2600","2500"
"2022-10-10","Tomato","1903","Dadri","9","Uttar Pradesh","141","Gautam Buddha Nagar","Hybrid","2570","2770","2670"
"2022-10-09","Tomato","1903","Dadri","9","Uttar Pradesh","141","Gautam Buddha Nagar","Hybrid","2550","2730","2640"
"2022-10-09","Tomato","2541","Dankaur","9","Uttar Pradesh","141","Gautam Buddha Nagar","Deshi","2400","2700","2545"
"2022-10-09","Tomato","1903","Dadri","9","Uttar Pradesh","141","Gautam Buddha Nagar","Deshi","2500","2660","2580"
"2022-10-08","Tomato","1903","Dadri","9","Uttar Pradesh","141","Gautam Buddha Nagar","Hybrid","2550","2730","2640"
"2022-10-08","Tomato","1903","Dadri","9","Uttar Pradesh","141","Gautam Buddha Nagar","Deshi","2500","2680","2580"
"2022-10-08","Tomato","2541","Dankaur","9","Uttar Pradesh","141","Gautam Buddha Nagar","Deshi","2400","2600","2500"
"2022-10-07","Tomato","1903","Dadri","9","Uttar Pradesh","141","Gautam Buddha Nagar","Hybrid","2500","2700","2600"
"2022-10-07","Tomato","1903","Dadri","9","Uttar Pradesh","141","Gautam Buddha Nagar","Deshi","2400","2600","2500"
"2022-10-07","Tomato","2541","Dankaur","9","Uttar Pradesh","141","Gautam Buddha Nagar","Deshi","2100","2355","2245"
"2022-10-06","Tomato","1903","Dadri","9","Uttar Pradesh","141","Gautam Buddha Nagar","Hybrid","2500","2700","2600"
"2022-10-06","Tomato","1903","Dadri","9","Uttar Pradesh","141","Gautam Buddha Nagar","Deshi","2400","2600","2500"
"2022-10-05","Tomato","2541","Dankaur","9","Uttar Pradesh","141","Gautam Buddha Nagar","Deshi","2100","2300","2200"
"2022-10-04","Tomato","1903","Dadri","9","Uttar Pradesh","141","Gautam Buddha Nagar","Deshi","2100","2300","2200"
"2022-10-04","Tomato","1903","Dadri","9","Uttar Pradesh","141","Gautam Buddha Nagar","Hybrid","2200","2350","2270"
"2022-10-04","Tomato","2541","Dankaur","9","Uttar Pradesh","141","Gautam Buddha Nagar","Deshi","2100","2400","2245"
"2022-10-03","Tomato","2541","Dankaur","9","Uttar Pradesh","141","Gautam Buddha Nagar","Deshi","2100","2300","2200"
"2022-10-03","Tomato","1903","Dadri","9","Uttar Pradesh","141","Gautam Buddha Nagar","Hybrid","2200","2400","2300"
"2022-10-03","Tomato","1903","Dadri","9","Uttar Pradesh","141","Gautam Buddha Nagar","Deshi","2150","2350","2250"
"2022-10-02","Tomato","1903","Dadri","9","Uttar Pradesh","141","Gautam Buddha Nagar","Hybrid","2250","2460","2360"
"2022-10-02","Tomato","1903","Dadri","9","Uttar Pradesh","141","Gautam Buddha Nagar","Deshi","2200","2400","2300"
"2022-10-02","Tomato","2541","Dankaur","9","Uttar Pradesh","141","Gautam Buddha Nagar","Deshi","2100","2355","2240"
"2022-09-30","Tomato","2541","Dankaur","9","Uttar Pradesh","141","Gautam Buddha Nagar","Deshi","2300","2600","2450"
"2022-09-30","Tomato","1903","Dadri","9","Uttar Pradesh","141","Gautam Buddha Nagar","Hybrid","2300","2480","2370"
"2022-09-30","Tomato","1903","Dadri","9","Uttar Pradesh","141","Gautam Buddha Nagar","Deshi","2200","2400","2300"
"2022-09-29","Tomato","1903","Dadri","9","Uttar Pradesh","141","Gautam Buddha Nagar","Hybrid","2230","2400","2320"
"2022-09-29","Tomato","1903","Dadri","9","Uttar Pradesh","141","Gautam Buddha Nagar","Deshi","2170","2350","2250"
"2022-09-27","Tomato","1903","Dadri","9","Uttar Pradesh","141","Gautam Buddha Nagar","Hybrid","2200","2360","2280"
"2022-09-27","Tomato","1903","Dadri","9","Uttar Pradesh","141","Gautam Buddha Nagar","Deshi","2130","2300","2220"
"2022-09-26","Tomato","1903","Dadri","9","Uttar Pradesh","141","Gautam Buddha Nagar","Deshi","2250","2450","2350"
"2022-09-26","Tomato","1903","Dadri","9","Uttar Pradesh","141","Gautam Buddha Nagar","Hybrid","2300","2500","2400"
"2022-09-25","Tomato","2541","Dankaur","9","Uttar Pradesh","141","Gautam Buddha Nagar","Deshi","2200","2455","2355"
"2022-09-25","Tomato","1903","Dadri","9","Uttar Pradesh","141","Gautam Buddha Nagar","Hybrid","2300","2500","2400"
"2022-09-25","Tomato","1903","Dadri","9","Uttar Pradesh","141","Gautam Buddha Nagar","Deshi","2250","2450","2350"
"2022-09-24","Tomato","1903","Dadri","9","Uttar Pradesh","141","Gautam Buddha Nagar","Hybrid","2400","2550","2470"
"2022-09-24","Tomato","2541","Dankaur","9","Uttar Pradesh","141","Gautam Buddha Nagar","Deshi","2300","2560","2485"
"2022-09-24","Tomato","1903","Dadri","9","Uttar Pradesh","141","Gautam Buddha Nagar","Deshi","2300","2500","2400"
"2022-09-23","Tomato","2541","Dankaur","9","Uttar Pradesh","141","Gautam Buddha Nagar","Deshi","2400","2600","2500"
"2022-09-23","Tomato","1903","Dadri","9","Uttar Pradesh","141","Gautam Buddha Nagar","Hybrid","2400","2600","2500"
"2022-09-23","Tomato","1903","Dadri","9","Uttar Pradesh","141","Gautam Buddha Nagar","Deshi","2350","2500","2430"
"2022-09-22","Tomato","1903","Dadri","9","Uttar Pradesh","141","Gautam Buddha Nagar","Hybrid","2400","2600","2500"
"2022-09-22","Tomato","1903","Dadri","9","Uttar Pradesh","141","Gautam Buddha Nagar","Deshi","2350","2500","2430"
"2022-09-21","Tomato","2541","Dankaur","9","Uttar Pradesh","141","Gautam Buddha Nagar","Deshi","2400","2655","2545"
"2022-09-20","Tomato","1903","Dadri","9","Uttar Pradesh","141","Gautam Buddha Nagar","Hybrid","2400","2560","2470"
"2022-09-20","Tomato","1903","Dadri","9","Uttar Pradesh","141","Gautam Buddha Nagar","Deshi","2330","2480","2400"
"2022-09-20","Tomato","2541","Dankaur","9","Uttar Pradesh","141","Gautam Buddha Nagar","Deshi","2400","2600","2500"
"2022-09-19","Tomato","2541","Dankaur","9","Uttar Pradesh","141","Gautam Buddha Nagar","Deshi","2400","2650","2540"
"2022-09-19","Tomato","1903","Dadri","9","Uttar Pradesh","141","Gautam Buddha Nagar","Deshi","2300","2500","2400"
"2022-09-19","Tomato","1903","Dadri","9","Uttar Pradesh","141","Gautam Buddha Nagar","Hybrid","2370","2570","2470"
"2022-09-18","Tomato","1903","Dadri","9","Uttar Pradesh","141","Gautam Buddha Nagar","Deshi","2450","2650","2550"
"2022-09-18","Tomato","2541","Dankaur","9","Uttar Pradesh","141","Gautam Buddha Nagar","Deshi","2400","2600","2500"
"2022-09-18","Tomato","1903","Dadri","9","Uttar Pradesh","141","Gautam Buddha Nagar","Hybrid","2520","2700","2620"
"2022-09-17","Tomato","2541","Dankaur","9","Uttar Pradesh","141","Gautam Buddha Nagar","Deshi","2000","2250","2100"
"2022-09-17","Tomato","1903","Dadri","9","Uttar Pradesh","141","Gautam Buddha Nagar","Deshi","2350","2550","2450"
"2022-09-17","Tomato","1903","Dadri","9","Uttar Pradesh","141","Gautam Buddha Nagar","Hybrid","2420","2630","2520"
"2022-09-16","Tomato","1903","Dadri","9","Uttar Pradesh","141","Gautam Buddha Nagar","Hybrid","2470","2670","2570"
"2022-09-16","Tomato","2541","Dankaur","9","Uttar Pradesh","141","Gautam Buddha Nagar","Deshi","2000","2250","2150"
"2022-09-16","Tomato","1903","Dadri","9","Uttar Pradesh","141","Gautam Buddha Nagar","Deshi","2400","2600","2500"
"2022-09-15","Tomato","1903","Dadri","9","Uttar Pradesh","141","Gautam Buddha Nagar","Hybrid","2470","2670","2570"
"2022-09-15","Tomato","1903","Dadri","9","Uttar Pradesh","141","Gautam Buddha Nagar","Deshi","2400","2600","2500"
"2022-09-14","Tomato","2541","Dankaur","9","Uttar Pradesh","141","Gautam Buddha Nagar","Deshi","1900","2100","2000"
"2022-09-13","Tomato","1903","Dadri","9","Uttar Pradesh","141","Gautam Buddha Nagar","Deshi","2300","2500","2400"
"2022-09-13","Tomato","1903","Dadri","9","Uttar Pradesh","141","Gautam Buddha Nagar","Hybrid","2400","2550","2470"
"2022-09-13","Tomato","2541","Dankaur","9","Uttar Pradesh","141","Gautam Buddha Nagar","Deshi","1900","2155","2050"
"2022-09-12","Tomato","1903","Dadri","9","Uttar Pradesh","141","Gautam Buddha Nagar","Hybrid","2450","2600","2530"
"2022-09-12","Tomato","2541","Dankaur","9","Uttar Pradesh","141","Gautam Buddha Nagar","Deshi","1900","2100","2000"
"2022-09-12","Tomato","1903","Dadri","9","Uttar Pradesh","141","Gautam Buddha Nagar","Deshi","2370","2550","2470"
"2022-09-11","Tomato","2541","Dankaur","9","Uttar Pradesh","141","Gautam Buddha Nagar","Deshi","1900","2155","2050"
"2022-09-11","Tomato","1903","Dadri","9","Uttar Pradesh","141","Gautam Buddha Nagar","Hybrid","2450","2600","2520"
"2022-09-11","Tomato","1903","Dadri","9","Uttar Pradesh","141","Gautam Buddha Nagar","Deshi","2350","2550","2450"
"2022-09-10","Tomato","2541","Dankaur","9","Uttar Pradesh","141","Gautam Buddha Nagar","Deshi","1900","2100","2000"
"2022-09-10","Tomato","1903","Dadri","9","Uttar Pradesh","141","Gautam Buddha Nagar","Deshi","2300","2450","2380"
"2022-09-10","Tomato","1903","Dadri","9","Uttar Pradesh","141","Gautam Buddha Nagar","Hybrid","2370","2530","2450"
"2022-09-09","Tomato","2541","Dankaur","9","Uttar Pradesh","141","Gautam Buddha Nagar","Deshi","1800","2100","1925"
"2022-09-09","Tomato","1903","Dadri","9","Uttar Pradesh","141","Gautam Buddha Nagar","Hybrid","2230","2430","2330"
"2022-09-09","Tomato","1903","Dadri","9","Uttar Pradesh","141","Gautam Buddha Nagar","Deshi","2150","2350","2250"
"2022-09-08","Tomato","1903","Dadri","9","Uttar Pradesh","141","Gautam Buddha Nagar","Deshi","1930","2080","2000"
"2022-09-08","Tomato","1903","Dadri","9","Uttar Pradesh","141","Gautam Buddha Nagar","Hybrid","2000","2150","2070"
"2022-09-07","Tomato","2541","Dankaur","9","Uttar Pradesh","141","Gautam Buddha Nagar","Deshi","1750","2100","1900"
"2022-09-06","Tomato","1903","Dadri","9","Uttar Pradesh","141","Gautam Buddha Nagar","Hybrid","2000","2150","2070"
"2022-09-06","Tomato","1903","Dadri","9","Uttar Pradesh","141","Gautam Buddha Nagar","Deshi","1930","2080","2000"
"2022-09-05","Tomato","1903","Dadri","9","Uttar Pradesh","141","Gautam Buddha Nagar","Deshi","1850","2050","1950"
"2022-09-05","Tomato","1903","Dadri","9","Uttar Pradesh","141","Gautam Buddha Nagar","Hybrid","1950","2130","2030"
"2022-09-04","Tomato","2541","Dankaur","9","Uttar Pradesh","141","Gautam Buddha Nagar","Deshi","1500","1755","1645"
"2022-09-04","Tomato","1903","Dadri","9","Uttar Pradesh","141","Gautam Buddha Nagar","Deshi","1770","1940","1850"
"2022-09-04","Tomato","1903","Dadri","9","Uttar Pradesh","141","Gautam Buddha Nagar","Hybrid","1850","2000","1920"
"2022-09-03","Tomato","1903","Dadri","9","Uttar Pradesh","141","Gautam Buddha Nagar","Deshi","1650","1800","1730"
"2022-09-03","Tomato","1903","Dadri","9","Uttar Pradesh","141","Gautam Buddha Nagar","Hybrid","1730","1880","1800"
"2022-09-03","Tomato","2541","Dankaur","9","Uttar Pradesh","141","Gautam Buddha Nagar","Deshi","1500","1755","1600"
"2022-09-02","Tomato","1903","Dadri","9","Uttar Pradesh","141","Gautam Buddha Nagar","Hybrid","1700","1850","1770"
"2022-09-02","Tomato","2541","Dankaur","9","Uttar Pradesh","141","Gautam Buddha Nagar","Deshi","1500","1745","1645"
"2022-09-02","Tomato","1903","Dadri","9","Uttar Pradesh","141","Gautam Buddha Nagar","Deshi","1620","1800","1700"
"2022-08-31","Tomato","2541","Dankaur","9","Uttar Pradesh","141","Gautam Buddha Nagar","Deshi","1500","1700","1600"
"2022-08-30","Tomato","1903","Dadri","9","Uttar Pradesh","141","Gautam Buddha Nagar","Deshi","1520","1680","1600"
"2022-08-30","Tomato","2541","Dankaur","9","Uttar Pradesh","141","Gautam Buddha Nagar","Deshi","1400","1655","1575"
"2022-08-30","Tomato","1903","Dadri","9","Uttar Pradesh","141","Gautam Buddha Nagar","Hybrid","1600","1750","1680"
"2022-08-29","Tomato","1903","Dadri","9","Uttar Pradesh","141","Gautam Buddha Nagar","Hybrid","1550","1700","1620"
"2022-08-29","Tomato","1903","Dadri","9","Uttar Pradesh","141","Gautam Buddha Nagar","Deshi","1450","1650","1550"
"2022-08-29","Tomato","2541","Dankaur","9","Uttar Pradesh","141","Gautam Buddha Nagar","Deshi","1400","1600","1500"
"2022-08-28","Tomato","1903","Dadri","9","Uttar Pradesh","141","Gautam Buddha Nagar","Hybrid","1600","1770","1680"
"2022-08-28","Tomato","2541","Dankaur","9","Uttar Pradesh","141","Gautam Buddha Nagar","Deshi","1500","1750","1600"
"2022-08-28","Tomato","1903","Dadri","9","Uttar Pradesh","141","Gautam Buddha Nagar","Deshi","1520","1680","1600"
"2022-08-27","Tomato","1903","Dadri","9","Uttar Pradesh","141","Gautam Buddha Nagar","Deshi","1730","1880","1800"
"2022-08-27","Tomato","1903","Dadri","9","Uttar Pradesh","141","Gautam Buddha Nagar","Hybrid","1800","1950","1870"
"2022-08-27","Tomato","2541","Dankaur","9","Uttar Pradesh","141","Gautam Buddha Nagar","Deshi","1700","1955","1800"
"2022-08-26","Tomato","1903","Dadri","9","Uttar Pradesh","141","Gautam Buddha Nagar","Deshi","1730","1880","1800"
"2022-08-26","Tomato","2541","Dankaur","9","Uttar Pradesh","141","Gautam Buddha Nagar","Deshi","1700","1955","1845"
"2022-08-26","Tomato","1903","Dadri","9","Uttar Pradesh","141","Gautam Buddha Nagar","Hybrid","1800","1950","1870"
"2022-08-25","Tomato","1903","Dadri","9","Uttar Pradesh","141","Gautam Buddha Nagar","Deshi","1830","1980","1900"
"2022-08-25","Tomato","1903","Dadri","9","Uttar Pradesh","141","Gautam Buddha Nagar","Hybrid","1900","2060","1970"
"2022-08-24","Tomato","2541","Dankaur","9","Uttar Pradesh","141","Gautam Buddha Nagar","Deshi","1700","1900","1800"
"2022-08-23","Tomato","2541","Dankaur","9","Uttar Pradesh","141","Gautam Buddha Nagar","Deshi","1700","1900","1855"
"2022-08-23","Tomato","1903","Dadri","9","Uttar Pradesh","141","Gautam Buddha Nagar","Deshi","1830","1980","1900"
"2022-08-23","Tomato","1903","Dadri","9","Uttar Pradesh","141","Gautam Buddha Nagar","Hybrid","1900","2050","1970"
"2022-08-22","Tomato","1903","Dadri","9","Uttar Pradesh","141","Gautam Buddha Nagar","Hybrid","1950","2100","2030"
"2022-08-22","Tomato","1903","Dadri","9","Uttar Pradesh","141","Gautam Buddha Nagar","Deshi","1860","2030","1950"
"2022-08-22","Tomato","2541","Dankaur","9","Uttar Pradesh","141","Gautam Buddha Nagar","Deshi","1700","1950","1800"
"2022-08-21","Tomato","2541","Dankaur","9","Uttar Pradesh","141","Gautam Buddha Nagar","Deshi","1600","1850","1700"
"2022-08-21","Tomato","1903","Dadri","9","Uttar Pradesh","141","Gautam Buddha Nagar","Deshi","1760","1940","1850"
"2022-08-21","Tomato","1903","Dadri","9","Uttar Pradesh","141","Gautam Buddha Nagar","Hybrid","1850","2000","1930"
"2022-08-20","Tomato","2541","Dankaur","9","Uttar Pradesh","141","Gautam Buddha Nagar","Deshi","1600","1855","1740"
"2022-08-20","Tomato","1903","Dadri","9","Uttar Pradesh","141","Gautam Buddha Nagar","Deshi","1670","1830","1750"
"2022-08-20","Tomato","1903","Dadri","9","Uttar Pradesh","141","Gautam Buddha Nagar","Hybrid","1750","1900","1820"
"2022-08-19","Tomato","1903","Dadri","9","Uttar Pradesh","141","Gautam Buddha Nagar","Hybrid","1730","1880","1800"
"2022-08-19","Tomato","1903","Dadri","9","Uttar Pradesh","141","Gautam Buddha Nagar","Deshi","1650","1800","1720"
"2022-08-19","Tomato","2541","Dankaur","9","Uttar Pradesh","141","Gautam Buddha Nagar","Deshi","1580","1950","1700"
"2022-08-18","Tomato","1903","Dadri","9","Uttar Pradesh","141","Gautam Buddha Nagar","Deshi","1650","1850","1720"
"2022-08-18","Tomato","1903","Dadri","9","Uttar Pradesh","141","Gautam Buddha Nagar","Hybrid","1730","1880","1800"
"2022-08-17","Tomato","2541","Dankaur","9","Uttar Pradesh","141","Gautam Buddha Nagar","Deshi","1600","1800","1700"
"2022-08-16","Tomato","1903","Dadri","9","Uttar Pradesh","141","Gautam Buddha Nagar","Hybrid","1750","1900","1830"
"2022-08-16","Tomato","1903","Dadri","9","Uttar Pradesh","141","Gautam Buddha Nagar","Deshi","1670","1830","1750"
"2022-08-16","Tomato","2541","Dankaur","9","Uttar Pradesh","141","Gautam Buddha Nagar","Deshi","1500","1755","1685"
"2022-08-15","Tomato","2541","Dankaur","9","Uttar Pradesh","141","Gautam Buddha Nagar","Deshi","1500","1745","1620"
"2022-08-15","Tomato","1903","Dadri","9","Uttar Pradesh","141","Gautam Buddha Nagar","Deshi","1630","1780","1700"
"2022-08-15","Tomato","1903","Dadri","9","Uttar Pradesh","141","Gautam Buddha Nagar","Hybrid","1700","1850","1770"
"2022-08-14","Tomato","2541","Dankaur","9","Uttar Pradesh","141","Gautam Buddha Nagar","Deshi","1500","1785","1640"
"2022-08-14","Tomato","1903","Dadri","9","Uttar Pradesh","141","Gautam Buddha Nagar","Hybrid","1700","1850","1770"
"2022-08-14","Tomato","1903","Dadri","9","Uttar Pradesh","141","Gautam Buddha Nagar","Deshi","1630","1780","1700"
"2022-08-13","Tomato","2541","Dankaur","9","Uttar Pradesh","141","Gautam Buddha Nagar","Deshi","1500","1800","1600"
"2022-08-12","Tomato","2541","Dankaur","9","Uttar Pradesh","141","Gautam Buddha Nagar","Deshi","1500","1755","1650"
"2022-08-12","Tomato","1903","Dadri","9","Uttar Pradesh","141","Gautam Buddha Nagar","Deshi","1630","1780","1700"
"2022-08-12","Tomato","1903","Dadri","9","Uttar Pradesh","141","Gautam Buddha Nagar","Hybrid","1700","1850","1770"
"2022-08-11","Tomato","1903","Dadri","9","Uttar Pradesh","141","Gautam Buddha Nagar","Hybrid","1700","1850","1770"
"2022-08-11","Tomato","1903","Dadri","9","Uttar Pradesh","141","Gautam Buddha Nagar","Deshi","1600","1800","1700"
"2022-08-09","Tomato","2541","Dankaur","9","Uttar Pradesh","141","Gautam Buddha Nagar","Deshi","1500","1755","1645"
"2022-08-08","Tomato","1903","Dadri","9","Uttar Pradesh","141","Gautam Buddha Nagar","Deshi","1630","1780","1700"
"2022-08-08","Tomato","1903","Dadri","9","Uttar Pradesh","141","Gautam Buddha Nagar","Hybrid","1700","1850","1770"
"2022-08-08","Tomato","2541","Dankaur","9","Uttar Pradesh","141","Gautam Buddha Nagar","Deshi","1600","1800","1700"
"2022-08-07","Tomato","2541","Dankaur","9","Uttar Pradesh","141","Gautam Buddha Nagar","Deshi","1500","1750","1600"
"2022-08-06","Tomato","1903","Dadri","9","Uttar Pradesh","141","Gautam Buddha Nagar","Hybrid","1730","1900","1810"
"2022-08-06","Tomato","1903","Dadri","9","Uttar Pradesh","141","Gautam Buddha Nagar","Deshi","1650","1840","1750"
"2022-08-06","Tomato","2541","Dankaur","9","Uttar Pradesh","141","Gautam Buddha Nagar","Deshi","1500","1755","1655"
"2022-08-05","Tomato","1903","Dadri","9","Uttar Pradesh","141","Gautam Buddha Nagar","Deshi","1730","1880","1800"
"2022-08-05","Tomato","2541","Dankaur","9","Uttar Pradesh","141","Gautam Buddha Nagar","Deshi","1500","1755","1600"
"2022-08-05","Tomato","1903","Dadri","9","Uttar Pradesh","141","Gautam Buddha Nagar","Hybrid","1780","1950","1860"
"2022-08-04","Tomato","1903","Dadri","9","Uttar Pradesh","141","Gautam Buddha Nagar","Deshi","1670","1830","1750"
"2022-08-04","Tomato","1903","Dadri","9","Uttar Pradesh","141","Gautam Buddha Nagar","Hybrid","1750","1900","1830"
"2022-08-03","Tomato","2541","Dankaur","9","Uttar Pradesh","141","Gautam Buddha Nagar","Deshi","1500","1750","1655"
"2022-08-02","Tomato","2541","Dankaur","9","Uttar Pradesh","141","Gautam Buddha Nagar","Deshi","1500","1700","1600"
"2022-08-02","Tomato","1903","Dadri","9","Uttar Pradesh","141","Gautam Buddha Nagar","Deshi","1600","1750","1670"
"2022-08-02","Tomato","1903","Dadri","9","Uttar Pradesh","141","Gautam Buddha Nagar","Hybrid","1650","1800","1730"
"2022-07-31","Tomato","2541","Dankaur","9","Uttar Pradesh","141","Gautam Buddha Nagar","Deshi","1600","1800","1700"
"2022-07-31","Tomato","1903","Dadri","9","Uttar Pradesh","141","Gautam Buddha Nagar","Deshi","1670","1830","1750"
"2022-07-31","Tomato","1903","Dadri","9","Uttar Pradesh","141","Gautam Buddha Nagar","Hybrid","1750","1900","1820"
"2022-07-30","Tomato","1903","Dadri","9","Uttar Pradesh","141","Gautam Buddha Nagar","Hybrid","1600","1750","1670"
"2022-07-30","Tomato","2541","Dankaur","9","Uttar Pradesh","141","Gautam Buddha Nagar","Deshi","1500","1755","1620"
"2022-07-30","Tomato","1903","Dadri","9","Uttar Pradesh","141","Gautam Buddha Nagar","Deshi","1520","1680","1600"
"2022-07-29","Tomato","1903","Dadri","9","Uttar Pradesh","141","Gautam Buddha Nagar","Hybrid","1580","1730","1650"
"2022-07-29","Tomato","1903","Dadri","9","Uttar Pradesh","141","Gautam Buddha Nagar","Deshi","1500","1660","1580"
"2022-07-29","Tomato","2541","Dankaur","9","Uttar Pradesh","141","Gautam Buddha Nagar","Deshi","1500","1700","1600"
"2022-07-28","Tomato","1903","Dadri","9","Uttar Pradesh","141","Gautam Buddha Nagar","Hybrid","1550","1700","1620"
"2022-07-28","Tomato","1903","Dadri","9","Uttar Pradesh","141","Gautam Buddha Nagar","Deshi","1480","1630","1550"
"2022-07-27","Tomato","2541","Dankaur","9","Uttar Pradesh","141","Gautam Buddha Nagar","Deshi","1800","2100","1900"
"2022-07-26","Tomato","1903","Dadri","9","Uttar Pradesh","141","Gautam Buddha Nagar","Hybrid","1650","1800","1730"
"2022-07-26","Tomato","2541","Dankaur","9","Uttar Pradesh","141","Gautam Buddha Nagar","Deshi","1800","2100","1955"
"2022-07-26","Tomato","1903","Dadri","9","Uttar Pradesh","141","Gautam Buddha Nagar","Deshi","1600","1750","1670"
"2022-07-25","Tomato","1903","Dadri","9","Uttar Pradesh","141","Gautam Buddha Nagar","Hybrid","1800","1950","1870"
"2022-07-25","Tomato","2541","Dankaur","9","Uttar Pradesh","141","Gautam Buddha Nagar","Deshi","1800","2100","1900"
"2022-07-25","Tomato","1903","Dadri","9","Uttar Pradesh","141","Gautam Buddha Nagar","Deshi","1730","1880","1800"
"2022-07-24","Tomato","2541","Dankaur","9","Uttar Pradesh","141","Gautam Buddha Nagar","Deshi","1800","2100","1975"
"2022-07-24","Tomato","1903","Dadri","9","Uttar Pradesh","141","Gautam Buddha Nagar","Hybrid","1840","2000","1920"
"2022-07-24","Tomato","1903","Dadri","9","Uttar Pradesh","141","Gautam Buddha Nagar","Deshi","1770","1930","1850"
"2022-07-23","Tomato","1903","Dadri","9","Uttar Pradesh","141","Gautam Buddha Nagar","Deshi","1800","2000","1900"
"2022-07-23","Tomato","2541","Dankaur","9","Uttar Pradesh","141","Gautam Buddha Nagar","Deshi","1800","2100","1900"
"2022-07-23","Tomato","1903","Dadri","9","Uttar Pradesh","141","Gautam Buddha Nagar","Hybrid","1880","2050","1960"
"2022-07-22","Tomato","1903","Dadri","9","Uttar Pradesh","141","Gautam Buddha Nagar","Hybrid","1880","2050","1960"
"2022-07-22","Tomato","1903","Dadri","9","Uttar Pradesh","141","Gautam Buddha Nagar","Deshi","1830","2000","1900"
"2022-07-22","Tomato","2541","Dankaur","9","Uttar Pradesh","141","Gautam Buddha Nagar","Deshi","1800","2100","1985"
"2022-07-21","Tomato","1903","Dadri","9","Uttar Pradesh","141","Gautam Buddha Nagar","Deshi","1850","2050","1950"
"2022-07-21","Tomato","1903","Dadri","9","Uttar Pradesh","141","Gautam Buddha Nagar","Hybrid","1950","2100","2010"
"2022-07-20","Tomato","2541","Dankaur","9","Uttar Pradesh","141","Gautam Buddha Nagar","Deshi","1900","2100","2030"
"2022-07-19","Tomato","2541","Dankaur","9","Uttar Pradesh","141","Gautam Buddha Nagar","Deshi","1900","2100","2075"
"2022-07-19","Tomato","1903","Dadri","9","Uttar Pradesh","141","Gautam Buddha Nagar","Deshi","1800","2000","1900"
"2022-07-19","Tomato","1903","Dadri","9","Uttar Pradesh","141","Gautam Buddha Nagar","Hybrid","1870","2050","1960"
"2022-07-18","Tomato","1903","Dadri","9","Uttar Pradesh","141","Gautam Buddha Nagar","Deshi","1900","2100","2000"
"2022-07-18","Tomato","2541","Dankaur","9","Uttar Pradesh","141","Gautam Buddha Nagar","Deshi","1900","2150","2050"
"2022-07-18","Tomato","1903","Dadri","9","Uttar Pradesh","141","Gautam Buddha Nagar","Hybrid","2000","2170","2070"
"2022-07-17","Tomato","2541","Dankaur","9","Uttar Pradesh","141","Gautam Buddha Nagar","Deshi","1900","2100","2000"
"2022-07-17","Tomato","1903","Dadri","9","Uttar Pradesh","141","Gautam Buddha Nagar","Deshi","1930","2080","2000"
"2022-07-17","Tomato","1903","Dadri","9","Uttar Pradesh","141","Gautam Buddha Nagar","Hybrid","2000","2150","2070"
"2022-07-16","Tomato","1903","Dadri","9","Uttar Pradesh","141","Gautam Buddha Nagar","Hybrid","2020","2220","2120"
"2022-07-16","Tomato","1903","Dadri","9","Uttar Pradesh","141","Gautam Buddha Nagar","Deshi","1980","2150","2050"
"2022-07-15","Tomato","1903","Dadri","9","Uttar Pradesh","141","Gautam Buddha Nagar","Deshi","1900","2100","2000"
"2022-07-15","Tomato","1903","Dadri","9","Uttar Pradesh","141","Gautam Buddha Nagar","Hybrid","1980","2170","2070"
"2022-07-15","Tomato","2541","Dankaur","9","Uttar Pradesh","141","Gautam Buddha Nagar","Deshi","2400","2600","2550"
"2022-07-14","Tomato","1903","Dadri","9","Uttar Pradesh","141","Gautam Buddha Nagar","Hybrid","2050","2250","2150"
"2022-07-14","Tomato","1903","Dadri","9","Uttar Pradesh","141","Gautam Buddha Nagar","Deshi","2000","2200","2100"
"2022-07-13","Tomato","2541","Dankaur","9","Uttar Pradesh","141","Gautam Buddha Nagar","Deshi","2400","2650","2500"
"2022-07-12","Tomato","1903","Dadri","9","Uttar Pradesh","141","Gautam Buddha Nagar","Hybrid","2220","2400","2320"
"2022-07-12","Tomato","1903","Dadri","9","Uttar Pradesh","141","Gautam Buddha Nagar","Deshi","2160","2350","2250"
"2022-07-12","Tomato","2541","Dankaur","9","Uttar Pradesh","141","Gautam Buddha Nagar","Deshi","2400","2700","2550"
"2022-07-11","Tomato","1903","Dadri","9","Uttar Pradesh","141","Gautam Buddha Nagar","Deshi","2000","2200","2100"
"2022-07-11","Tomato","1903","Dadri","9","Uttar Pradesh","141","Gautam Buddha Nagar","Hybrid","2070","2270","2170"
"2022-07-10","Tomato","1903","Dadri","9","Uttar Pradesh","141","Gautam Buddha Nagar","Hybrid","2000","2200","2100"
"2022-07-10","Tomato","1903","Dadri","9","Uttar Pradesh","141","Gautam Buddha Nagar","Deshi","1950","2150","2050"
"2022-07-09","Tomato","1903","Dadri","9","Uttar Pradesh","141","Gautam Buddha Nagar","Deshi","2000","2200","2100"
"2022-07-09","Tomato","1903","Dadri","9","Uttar Pradesh","141","Gautam Buddha Nagar","Hybrid","2050","2250","2150"
"2022-07-08","Tomato","1903","Dadri","9","Uttar Pradesh","141","Gautam Buddha Nagar","Deshi","2100","2300","2200"
"2022-07-08","Tomato","1903","Dadri","9","Uttar Pradesh","141","Gautam Buddha Nagar","Hybrid","2170","2370","2270"
"2022-07-07","Tomato","1903","Dadri","9","Uttar Pradesh","141","Gautam Buddha Nagar","Deshi","2300","2500","2400"
"2022-07-07","Tomato","1903","Dadri","9","Uttar Pradesh","141","Gautam Buddha Nagar","Hybrid","2450","2650","2560"
"2022-07-06","Tomato","2541","Dankaur","9","Uttar Pradesh","141","Gautam Buddha Nagar","Deshi","2700","2950","2800"
"2022-07-05","Tomato","1903","Dadri","9","Uttar Pradesh","141","Gautam Buddha Nagar","Hybrid","2500","2670","2570"
"2022-07-05","Tomato","1903","Dadri","9","Uttar Pradesh","141","Gautam Buddha Nagar","Deshi","2400","2600","2500"
"2022-07-05","Tomato","2541","Dankaur","9","Uttar Pradesh","141","Gautam Buddha Nagar","Deshi","2700","2950","2820"
"2022-07-04","Tomato","1903","Dadri","9","Uttar Pradesh","141","Gautam Buddha Nagar","Deshi","2450","2650","2550"
"2022-07-04","Tomato","1903","Dadri","9","Uttar Pradesh","141","Gautam Buddha Nagar","Hybrid","2500","2700","2600"
"2022-07-03","Tomato","1903","Dadri","9","Uttar Pradesh","141","Gautam Buddha Nagar","Hybrid","2370","2570","2470"
"2022-07-03","Tomato","2541","Dankaur","9","Uttar Pradesh","141","Gautam Buddha Nagar","Deshi","2700","2955","2845"
"2022-07-03","Tomato","1903","Dadri","9","Uttar Pradesh","141","Gautam Buddha Nagar","Deshi","2300","2500","2400"
"2022-06-30","Tomato","1903","Dadri","9","Uttar Pradesh","141","Gautam Buddha Nagar","Deshi","2900","3100","3000"
"2022-06-30","Tomato","1903","Dadri","9","Uttar Pradesh","141","Gautam Buddha Nagar","Hybrid","3000","3150","3070"
"2022-06-29","Tomato","2541","Dankaur","9","Uttar Pradesh","141","Gautam Buddha Nagar","Deshi","2700","2950","2800"
"2022-06-28","Tomato","1903","Dadri","9","Uttar Pradesh","141","Gautam Buddha Nagar","Hybrid","2580","2750","2660"
"2022-06-28","Tomato","1903","Dadri","9","Uttar Pradesh","141","Gautam Buddha Nagar","Deshi","2500","2700","2600"
"2022-06-28","Tomato","2541","Dankaur","9","Uttar Pradesh","141","Gautam Buddha Nagar","Deshi","2200","2560","2400"
"2022-06-27","Tomato","2541","Dankaur","9","Uttar Pradesh","141","Gautam Buddha Nagar","Deshi","2200","2560","2415"
"2022-06-26","Tomato","1903","Dadri","9","Uttar Pradesh","141","Gautam Buddha Nagar","Hybrid","2440","2600","2510"
"2022-06-26","Tomato","2541","Dankaur","9","Uttar Pradesh","141","Gautam Buddha Nagar","Deshi","2200","2560","2400"
"2022-06-26","Tomato","1903","Dadri","9","Uttar Pradesh","141","Gautam Buddha Nagar","Deshi","2350","2550","2450"
"2022-06-25","Tomato","1903","Dadri","9","Uttar Pradesh","141","Gautam Buddha Nagar","Deshi","2370","2550","2450"
"2022-06-25","Tomato","1903","Dadri","9","Uttar Pradesh","141","Gautam Buddha Nagar","Hybrid","2440","2600","2510"
"2022-06-25","Tomato","2541","Dankaur","9","Uttar Pradesh","141","Gautam Buddha Nagar","Deshi","2200","2450","2350"
"2022-06-24","Tomato","1903","Dadri","9","Uttar Pradesh","141","Gautam Buddha Nagar","Deshi","2350","2500","2420"
"2022-06-24","Tomato","2541","Dankaur","9","Uttar Pradesh","141","Gautam Buddha Nagar","Deshi","2200","2650","2450"
"2022-06-24","Tomato","1903","Dadri","9","Uttar Pradesh","141","Gautam Buddha Nagar","Hybrid","2400","2570","2490"
"2022-06-23","Tomato","1903","Dadri","9","Uttar Pradesh","141","Gautam Buddha Nagar","Deshi","2330","2480","2400"
"2022-06-23","Tomato","1903","Dadri","9","Uttar Pradesh","141","Gautam Buddha Nagar","Hybrid","2400","2550","2470"
"2022-06-22","Tomato","2541","Dankaur","9","Uttar Pradesh","141","Gautam Buddha Nagar","Deshi","2200","2450","2325"
"2022-06-21","Tomato","1903","Dadri","9","Uttar Pradesh","141","Gautam Buddha Nagar","Deshi","2330","2480","2400"
"2022-06-21","Tomato","2541","Dankaur","9","Uttar Pradesh","141","Gautam Buddha Nagar","Deshi","2300","2560","2400"
"2022-06-21","Tomato","1903","Dadri","9","Uttar Pradesh","141","Gautam Buddha Nagar","Hybrid","2400","2550","2470"
"2022-06-20","Tomato","1903","Dadri","9","Uttar Pradesh","141","Gautam Buddha Nagar","Deshi","2370","2530","2450"
"2022-06-20","Tomato","2541","Dankaur","9","Uttar Pradesh","141","Gautam Buddha Nagar","Deshi","2200","2400","2330"
"2022-06-20","Tomato","1903","Dadri","9","Uttar Pradesh","141","Gautam Buddha Nagar","Hybrid","2430","2580","2500"
"2022-06-19","Tomato","1903","Dadri","9","Uttar Pradesh","141","Gautam Buddha Nagar","Deshi","2330","2480","2400"
"2022-06-19","Tomato","2541","Dankaur","9","Uttar Pradesh","141","Gautam Buddha Nagar","Deshi","2200","2455","2365"
"2022-06-19","Tomato","1903","Dadri","9","Uttar Pradesh","141","Gautam Buddha Nagar","Hybrid","2400","2550","2470"
"2022-06-18","Tomato","2541","Dankaur","9","Uttar Pradesh","141","Gautam Buddha Nagar","Deshi","2200","2450","2320"
"2022-06-18","Tomato","1903","Dadri","9","Uttar Pradesh","141","Gautam Buddha Nagar","Deshi","2330","2480","2400"
"2022-06-18","Tomato","1903","Dadri","9","Uttar Pradesh","141","Gautam Buddha Nagar","Hybrid","2400","2550","2470"
"2022-06-17","Tomato","2541","Dankaur","9","Uttar Pradesh","141","Gautam Buddha Nagar","Deshi","2200","2450","2300"
"2022-06-17","Tomato","1903","Dadri","9","Uttar Pradesh","141","Gautam Buddha Nagar","Hybrid","2330","2480","2400"
"2022-06-17","Tomato","1903","Dadri","9","Uttar Pradesh","141","Gautam Buddha Nagar","Deshi","2270","2440","2350"
"2022-06-16","Tomato","1903","Dadri","9","Uttar Pradesh","141","Gautam Buddha Nagar","Hybrid","2300","2450","2370"
"2022-06-16","Tomato","1903","Dadri","9","Uttar Pradesh","141","Gautam Buddha Nagar","Deshi","2220","2390","2300"
"2022-06-15","Tomato","2541","Dankaur","9","Uttar Pradesh","141","Gautam Buddha Nagar","Deshi","2100","2455","2355"
"2022-06-14","Tomato","2541","Dankaur","9","Uttar Pradesh","141","Gautam Buddha Nagar","Deshi","2100","2450","2300"
"2022-06-14","Tomato","1903","Dadri","9","Uttar Pradesh","141","Gautam Buddha Nagar","Hybrid","2300","2500","2400"
"2022-06-14","Tomato","1903","Dadri","9","Uttar Pradesh","141","Gautam Buddha Nagar","Deshi","2260","2450","2350"
"2022-06-13","Tomato","1903","Dadri","9","Uttar Pradesh","141","Gautam Buddha Nagar","Deshi","2270","2440","2350"
"2022-06-13","Tomato","1903","Dadri","9","Uttar Pradesh","141","Gautam Buddha Nagar","Hybrid","2330","2480","2400"
"2022-06-13","Tomato","2541","Dankaur","9","Uttar Pradesh","141","Gautam Buddha Nagar","Deshi","2200","2400","2350"
"2022-06-12","Tomato","1903","Dadri","9","Uttar Pradesh","141","Gautam Buddha Nagar","Hybrid","2280","2440","2360"
"2022-06-12","Tomato","1903","Dadri","9","Uttar Pradesh","141","Gautam Buddha Nagar","Deshi","2220","2400","2300"
"2022-06-12","Tomato","2541","Dankaur","9","Uttar Pradesh","141","Gautam Buddha Nagar","Deshi","2000","2450","2300"
"2022-06-11","Tomato","2541","Dankaur","9","Uttar Pradesh","141","Gautam Buddha Nagar","Deshi","2200","2400","2325"
"2022-06-11","Tomato","1903","Dadri","9","Uttar Pradesh","141","Gautam Buddha Nagar","Hybrid","2250","2400","2320"
"2022-06-11","Tomato","1903","Dadri","9","Uttar Pradesh","141","Gautam Buddha Nagar","Deshi","2150","2350","2250"
"2022-06-10","Tomato","1903","Dadri","9","Uttar Pradesh","141","Gautam Buddha Nagar","Deshi","2150","2350","2250"
"2022-06-10","Tomato","2541","Dankaur","9","Uttar Pradesh","141","Gautam Buddha Nagar","Deshi","2100","2350","2260"
"2022-06-10","Tomato","1903","Dadri","9","Uttar Pradesh","141","Gautam Buddha Nagar","Hybrid","2250","2400","2320"
"2022-06-09","Tomato","1903","Dadri","9","Uttar Pradesh","141","Gautam Buddha Nagar","Hybrid","2180","2350","2270"
"2022-06-09","Tomato","1903","Dadri","9","Uttar Pradesh","141","Gautam Buddha Nagar","Deshi","2100","2300","2200"
"2022-06-08","Tomato","2541","Dankaur","9","Uttar Pradesh","141","Gautam Buddha Nagar","Deshi","2100","2300","2200"
"2022-06-07","Tomato","1903","Dadri","9","Uttar Pradesh","141","Gautam Buddha Nagar","Deshi","2100","2300","2200"
"2022-06-07","Tomato","1903","Dadri","9","Uttar Pradesh","141","Gautam Buddha Nagar","Hybrid","2150","2350","2250"
"2022-06-07","Tomato","2541","Dankaur","9","Uttar Pradesh","141","Gautam Buddha Nagar","Deshi","2200","2450","2300"
"2022-06-06","Tomato","1903","Dadri","9","Uttar Pradesh","141","Gautam Buddha Nagar","Deshi","2270","2450","2350"
"2022-06-06","Tomato","2541","Dankaur","9","Uttar Pradesh","141","Gautam Buddha Nagar","Deshi","2200","2600","2350"
"2022-06-06","Tomato","1903","Dadri","9","Uttar Pradesh","141","Gautam Buddha Nagar","Hybrid","2330","2480","2400"
"2022-06-05","Tomato","1903","Dadri","9","Uttar Pradesh","141","Gautam Buddha Nagar","Hybrid","2250","2450","2350"
"2022-06-05","Tomato","1903","Dadri","9","Uttar Pradesh","141","Gautam Buddha Nagar","Deshi","2200","2400","2300"
"2022-06-05","Tomato","2541","Dankaur","9","Uttar Pradesh","141","Gautam Buddha Nagar","Deshi","2200","2450","2300"
"2022-06-04","Tomato","1903","Dadri","9","Uttar Pradesh","141","Gautam Buddha Nagar","Hybrid","2250","2400","2320"
"2022-06-04","Tomato","2541","Dankaur","9","Uttar Pradesh","141","Gautam Buddha Nagar","Deshi","2050","2250","2140"
"2022-06-04","Tomato","1903","Dadri","9","Uttar Pradesh","141","Gautam Buddha Nagar","Deshi","2150","2350","2250"
"2022-06-03","Tomato","1903","Dadri","9","Uttar Pradesh","141","Gautam Buddha Nagar","Deshi","2060","2230","2150"
"2022-06-03","Tomato","2541","Dankaur","9","Uttar Pradesh","141","Gautam Buddha Nagar","Deshi","2000","2200","2100"
"2022-06-03","Tomato","1903","Dadri","9","Uttar Pradesh","141","Gautam Buddha Nagar","Hybrid","2110","2300","2200"
"2022-06-02","Tomato","1903","Dadri","9","Uttar Pradesh","141","Gautam Buddha Nagar","Hybrid","2080","2250","2160"
"2022-06-02","Tomato","1903","Dadri","9","Uttar Pradesh","141","Gautam Buddha Nagar","Deshi","2020","2180","2100"
"2022-05-31","Tomato","1903","Dadri","9","Uttar Pradesh","141","Gautam Buddha Nagar","Hybrid","2080","2240","2160"
"2022-05-31","Tomato","1903","Dadri","9","Uttar Pradesh","141","Gautam Buddha Nagar","Deshi","2020","2180","2100"
"2022-05-30","Tomato","1903","Dadri","9","Uttar Pradesh","141","Gautam Buddha Nagar","Hybrid","2050","2200","2120"
"2022-05-30","Tomato","1903","Dadri","9","Uttar Pradesh","141","Gautam Buddha Nagar","Deshi","1970","2130","2050"
"2022-05-29","Tomato","1903","Dadri","9","Uttar Pradesh","141","Gautam Buddha Nagar","Hybrid","2070","2220","2150"
"2022-05-29","Tomato","2541","Dankaur","9","Uttar Pradesh","141","Gautam Buddha Nagar","Deshi","2000","2230","2100"
"2022-05-29","Tomato","1903","Dadri","9","Uttar Pradesh","141","Gautam Buddha Nagar","Deshi","2020","2180","2100"
"2022-05-28","Tomato","2541","Dankaur","9","Uttar Pradesh","141","Gautam Buddha Nagar","Deshi","2000","2200","2100"
"2022-05-28","Tomato","1903","Dadri","9","Uttar Pradesh","141","Gautam Buddha Nagar","Hybrid","2080","2240","2160"
"2022-05-28","Tomato","1903","Dadri","9","Uttar Pradesh","141","Gautam Buddha Nagar","Deshi","2020","2180","2100"
"2022-05-27","Tomato","2541","Dankaur","9","Uttar Pradesh","141","Gautam Buddha Nagar","Deshi","2050","2255","2150"
"2022-05-27","Tomato","1903","Dadri","9","Uttar Pradesh","141","Gautam Buddha Nagar","Deshi","2070","2230","2150"
"2022-05-27","Tomato","1903","Dadri","9","Uttar Pradesh","141","Gautam Buddha Nagar","Hybrid","2120","2290","2200"
"2022-05-26","Tomato","1903","Dadri","9","Uttar Pradesh","141","Gautam Buddha Nagar","Hybrid","2080","2250","2160"
"2022-05-26","Tomato","1903","Dadri","9","Uttar Pradesh","141","Gautam Buddha Nagar","Deshi","2020","2200","2100"
"2022-05-25","Tomato","2541","Dankaur","9","Uttar Pradesh","141","Gautam Buddha Nagar","Deshi","2000","2200","2100"
"2022-05-24","Tomato","1903","Dadri","9","Uttar Pradesh","141","Gautam Buddha Nagar","Deshi","1980","2120","2050"
"2022-05-24","Tomato","2541","Dankaur","9","Uttar Pradesh","141","Gautam Buddha Nagar","Deshi","2000","2155","2050"
"2022-05-24","Tomato","1903","Dadri","9","Uttar Pradesh","141","Gautam Buddha Nagar","Hybrid","2030","2180","2100"
"2022-05-23","Tomato","2541","Dankaur","9","Uttar Pradesh","141","Gautam Buddha Nagar","Deshi","1900","2200","2085"
"2022-05-23","Tomato","1903","Dadri","9","Uttar Pradesh","141","Gautam Buddha Nagar","Deshi","2050","2200","2120"
"2022-05-23","Tomato","1903","Dadri","9","Uttar Pradesh","141","Gautam Buddha Nagar","Hybrid","2100","2250","2170"
"2022-05-22","Tomato","2541","Dankaur","9","Uttar Pradesh","141","Gautam Buddha Nagar","Deshi","1950","2255","2100"
"2022-05-22","Tomato","1903","Dadri","9","Uttar Pradesh","141","Gautam Buddha Nagar","Hybrid","2080","2240","2150"
"2022-05-22","Tomato","1903","Dadri","9","Uttar Pradesh","141","Gautam Buddha Nagar","Deshi","2020","2180","2100"
"2022-05-21","Tomato","2541","Dankaur","9","Uttar Pradesh","141","Gautam Buddha Nagar","Deshi","1900","2200","2050"
"2022-05-21","Tomato","1903","Dadri","9","Uttar Pradesh","141","Gautam Buddha Nagar","Deshi","1980","2130","2050"
"2022-05-21","Tomato","1903","Dadri","9","Uttar Pradesh","141","Gautam Buddha Nagar","Hybrid","2050","2200","2130"
"2022-05-20","Tomato","1903","Dadri","9","Uttar Pradesh","141","Gautam Buddha Nagar","Deshi","1970","2130","2050"
"2022-05-20","Tomato","2541","Dankaur","9","Uttar Pradesh","141","Gautam Buddha Nagar","Deshi","1900","2200","2000"
"2022-05-20","Tomato","1903","Dadri","9","Uttar Pradesh","141","Gautam Buddha Nagar","Hybrid","2050","2200","2130"
"2022-05-19","Tomato","1903","Dadri","9","Uttar Pradesh","141","Gautam Buddha Nagar","Deshi","1930","2080","2000"
"2022-05-19","Tomato","1903","Dadri","9","Uttar Pradesh","141","Gautam Buddha Nagar","Hybrid","1980","2150","2050"
"2022-05-17","Tomato","1903","Dadri","9","Uttar Pradesh","141","Gautam Buddha Nagar","Hybrid","1400","1580","1490"
"2022-05-17","Tomato","2541","Dankaur","9","Uttar Pradesh","141","Gautam Buddha Nagar","Deshi","1200","1500","1400"
"2022-05-17","Tomato","1903","Dadri","9","Uttar Pradesh","141","Gautam Buddha Nagar","Deshi","1350","1500","1430"
"2022-05-16","Tomato","2541","Dankaur","9","Uttar Pradesh","141","Gautam Buddha Nagar","Deshi","1200","1560","1455"
"2022-05-16","Tomato","1903","Dadri","9","Uttar Pradesh","141","Gautam Buddha Nagar","Deshi","1370","1530","1450"
"2022-05-16","Tomato","1903","Dadri","9","Uttar Pradesh","141","Gautam Buddha Nagar","Hybrid","1430","1580","1500"
"2022-05-15","Tomato","1903","Dadri","9","Uttar Pradesh","141","Gautam Buddha Nagar","Hybrid","1470","1630","1550"
"2022-05-15","Tomato","2541","Dankaur","9","Uttar Pradesh","141","Gautam Buddha Nagar","Deshi","1400","1655","1500"
"2022-05-15","Tomato","1903","Dadri","9","Uttar Pradesh","141","Gautam Buddha Nagar","Deshi","1420","1580","1500"
"2022-05-14","Tomato","2541","Dankaur","9","Uttar Pradesh","141","Gautam Buddha Nagar","Deshi","1400","1655","1520"
"2022-05-14","Tomato","1903","Dadri","9","Uttar Pradesh","141","Gautam Buddha Nagar","Hybrid","1450","1600","1530"
"2022-05-14","Tomato","1903","Dadri","9","Uttar Pradesh","141","Gautam Buddha Nagar","Deshi","1400","1550","1470"
"2022-05-13","Tomato","1903","Dadri","9","Uttar Pradesh","141","Gautam Buddha Nagar","Hybrid","1450","1630","1530"
"2022-05-13","Tomato","2541","Dankaur","9","Uttar Pradesh","141","Gautam Buddha Nagar","Deshi","1300","1600","1500"
"2022-05-13","Tomato","1903","Dadri","9","Uttar Pradesh","141","Gautam Buddha Nagar","Deshi","1370","1570","1470"
"2022-05-12","Tomato","1903","Dadri","9","Uttar Pradesh","141","Gautam Buddha Nagar","Hybrid","1430","1580","1500"
"2022-05-12","Tomato","1903","Dadri","9","Uttar Pradesh","141","Gautam Buddha Nagar","Deshi","1370","1540","1450"
"2022-05-11","Tomato","2541","Dankaur","9","Uttar Pradesh","141","Gautam Buddha Nagar","Deshi","1400","1600","1525"
"2022-05-10","Tomato","1903","Dadri","9","Uttar Pradesh","141","Gautam Buddha Nagar","Deshi","1370","1550","1450"
"2022-05-10","Tomato","2541","Dankaur","9","Uttar Pradesh","141","Gautam Buddha Nagar","Deshi","1400","1650","1500"
"2022-05-10","Tomato","1903","Dadri","9","Uttar Pradesh","141","Gautam Buddha Nagar","Hybrid","1420","1600","1500"
"2022-05-09","Tomato","2541","Dankaur","9","Uttar Pradesh","141","Gautam Buddha Nagar","Deshi","1400","1650","1550"
"2022-05-09","Tomato","1903","Dadri","9","Uttar Pradesh","141","Gautam Buddha Nagar","Deshi","1430","1590","1500"
"2022-05-09","Tomato","1903","Dadri","9","Uttar Pradesh","141","Gautam Buddha Nagar","Hybrid","1460","1640","1550"
"2022-05-08","Tomato","1903","Dadri","9","Uttar Pradesh","141","Gautam Buddha Nagar","Deshi","1420","1580","1500"
"2022-05-08","Tomato","1903","Dadri","9","Uttar Pradesh","141","Gautam Buddha Nagar","Hybrid","1460","1640","1550"
"2022-05-08","Tomato","2541","Dankaur","9","Uttar Pradesh","141","Gautam Buddha Nagar","Deshi","1400","1600","1500"
"2022-05-07","Tomato","1903","Dadri","9","Uttar Pradesh","141","Gautam Buddha Nagar","Deshi","1620","1780","1700"
"2022-05-07","Tomato","2541","Dankaur","9","Uttar Pradesh","141","Gautam Buddha Nagar","Deshi","1600","1855","1745"
"2022-05-07","Tomato","1903","Dadri","9","Uttar Pradesh","141","Gautam Buddha Nagar","Hybrid","1700","1850","1770"
"2022-05-06","Tomato","2541","Dankaur","9","Uttar Pradesh","141","Gautam Buddha Nagar","Deshi","1600","1850","1700"
"2022-05-06","Tomato","1903","Dadri","9","Uttar Pradesh","141","Gautam Buddha Nagar","Deshi","1600","1770","1680"
"2022-05-06","Tomato","1903","Dadri","9","Uttar Pradesh","141","Gautam Buddha Nagar","Hybrid","1650","1850","1750"
"2022-05-05","Tomato","1903","Dadri","9","Uttar Pradesh","141","Gautam Buddha Nagar","Hybrid","1630","1780","1700"
"2022-05-05","Tomato","1903","Dadri","9","Uttar Pradesh","141","Gautam Buddha Nagar","Deshi","1580","1730","1650"
"2022-05-04","Tomato","2541","Dankaur","9","Uttar Pradesh","141","Gautam Buddha Nagar","Deshi","1420","1655","1500"
"2022-05-03","Tomato","2541","Dankaur","9","Uttar Pradesh","141","Gautam Buddha Nagar","Deshi","1400","1655","1525"
"2022-05-03","Tomato","1903","Dadri","9","Uttar Pradesh","141","Gautam Buddha Nagar","Hybrid","1530","1680","1600"
"2022-05-03","Tomato","1903","Dadri","9","Uttar Pradesh","141","Gautam Buddha Nagar","Deshi","1480","1630","1550"
"2022-05-02","Tomato","1903","Dadri","9","Uttar Pradesh","141","Gautam Buddha Nagar","Deshi","1400","1550","1480"
"2022-05-02","Tomato","1903","Dadri","9","Uttar Pradesh","141","Gautam Buddha Nagar","Hybrid","1450","1600","1530"
"2022-05-02","Tomato","2541","Dankaur","9","Uttar Pradesh","141","Gautam Buddha Nagar","Deshi","1400","1650","1500"
"2022-04-30","Tomato","2541","Dankaur","9","Uttar Pradesh","141","Gautam Buddha Nagar","Deshi","1250","1650","1460"
"2022-04-30","Tomato","1903","Dadri","9","Uttar Pradesh","141","Gautam Buddha Nagar","Deshi","1350","1550","1450"
"2022-04-30","Tomato","1903","Dadri","9","Uttar Pradesh","141","Gautam Buddha Nagar","Hybrid","1400","1600","1500"
"2022-04-29","Tomato","1903","Dadri","9","Uttar Pradesh","141","Gautam Buddha Nagar","Deshi","1380","1530","1450"
"2022-04-29","Tomato","2541","Dankaur","9","Uttar Pradesh","141","Gautam Buddha Nagar","Deshi","1200","1700","1460"
"2022-04-28","Tomato","1903","Dadri","9","Uttar Pradesh","141","Gautam Buddha Nagar","Deshi","1300","1500","1400"
"2022-04-28","Tomato","1903","Dadri","9","Uttar Pradesh","141","Gautam Buddha Nagar","Hybrid","1350","1550","1450"
"2022-04-27","Tomato","2541","Dankaur","9","Uttar Pradesh","141","Gautam Buddha Nagar","Deshi","1200","1560","1400"
"2022-04-26","Tomato","1903","Dadri","9","Uttar Pradesh","141","Gautam Buddha Nagar","Deshi","1330","1480","1400"
"2022-04-26","Tomato","2541","Dankaur","9","Uttar Pradesh","141","Gautam Buddha Nagar","Deshi","1200","1500","1385"
"2022-04-26","Tomato","1903","Dadri","9","Uttar Pradesh","141","Gautam Buddha Nagar","Hybrid","1370","1540","1450"
"2022-04-25","Tomato","1903","Dadri","9","Uttar Pradesh","141","Gautam Buddha Nagar","Deshi","1340","1500","1420"
"2022-04-25","Tomato","1903","Dadri","9","Uttar Pradesh","141","Gautam Buddha Nagar","Hybrid","140","1550","1470"
"2022-04-24","Tomato","1903","Dadri","9","Uttar Pradesh","141","Gautam Buddha Nagar","Deshi","1400","1550","1470"
"2022-04-24","Tomato","2541","Dankaur","9","Uttar Pradesh","141","Gautam Buddha Nagar","Deshi","1200","1450","1385"
"2022-04-24","Tomato","1903","Dadri","9","Uttar Pradesh","141","Gautam Buddha Nagar","Hybrid","1450","1600","1530"
"2022-04-23","Tomato","1903","Dadri","9","Uttar Pradesh","141","Gautam Buddha Nagar","Deshi","1400","1600","1500"
"2022-04-23","Tomato","1903","Dadri","9","Uttar Pradesh","141","Gautam Buddha Nagar","Hybrid","1460","1650","1560"
"2022-04-23","Tomato","2541","Dankaur","9","Uttar Pradesh","141","Gautam Buddha Nagar","Deshi","1400","1650","1500"
"2022-04-22","Tomato","1903","Dadri","9","Uttar Pradesh","141","Gautam Buddha Nagar","Deshi","1400","1600","1500"
"2022-04-22","Tomato","1903","Dadri","9","Uttar Pradesh","141","Gautam Buddha Nagar","Hybrid","1460","1650","1560"
"2022-04-22","Tomato","2541","Dankaur","9","Uttar Pradesh","141","Gautam Buddha Nagar","Deshi","1400","1670","1540"
"2022-04-21","Tomato","1903","Dadri","9","Uttar Pradesh","141","Gautam Buddha Nagar","Deshi","1350","1550","1450"
"2022-04-21","Tomato","1903","Dadri","9","Uttar Pradesh","141","Gautam Buddha Nagar","Hybrid","1430","1600","1510"
"2022-04-20","Tomato","2541","Dankaur","9","Uttar Pradesh","141","Gautam Buddha Nagar","Deshi","1400","1600","1500"
"2022-04-18","Tomato","1903","Dadri","9","Uttar Pradesh","141","Gautam Buddha Nagar","Deshi","1400","1600","1500"
"2022-04-18","Tomato","1903","Dadri","9","Uttar Pradesh","141","Gautam Buddha Nagar","Hybrid","1470","1650","1560"
"2022-04-18","Tomato","2541","Dankaur","9","Uttar Pradesh","141","Gautam Buddha Nagar","Deshi","1400","1700","1500"
"2022-04-17","Tomato","1903","Dadri","9","Uttar Pradesh","141","Gautam Buddha Nagar","Hybrid","1400","1560","1480"
"2022-04-17","Tomato","2541","Dankaur","9","Uttar Pradesh","141","Gautam Buddha Nagar","Deshi","1200","1560","1400"
"2022-04-17","Tomato","1903","Dadri","9","Uttar Pradesh","141","Gautam Buddha Nagar","Deshi","1350","1500","1420"
"2022-04-16","Tomato","1903","Dadri","9","Uttar Pradesh","141","Gautam Buddha Nagar","Deshi","1300","1500","1400"
"2022-04-16","Tomato","2541","Dankaur","9","Uttar Pradesh","141","Gautam Buddha Nagar","Deshi","1200","1450","1350"
"2022-04-16","Tomato","1903","Dadri","9","Uttar Pradesh","141","Gautam Buddha Nagar","Hybrid","1370","1550","1460"
"2022-04-15","Tomato","1903","Dadri","9","Uttar Pradesh","141","Gautam Buddha Nagar","Hybrid","1340","1500","1420"
"2022-04-15","Tomato","1903","Dadri","9","Uttar Pradesh","141","Gautam Buddha Nagar","Deshi","1260","1440","1350"
"2022-04-15","Tomato","2541","Dankaur","9","Uttar Pradesh","141","Gautam Buddha Nagar","Deshi","1100","1450","1300"
"2022-04-14","Tomato","1903","Dadri","9","Uttar Pradesh","141","Gautam Buddha Nagar","Hybrid","1380","1540","1460"
"2022-04-14","Tomato","1903","Dadri","9","Uttar Pradesh","141","Gautam Buddha Nagar","Deshi","1330","1480","1400"
"2022-04-13","Tomato","2541","Dankaur","9","Uttar Pradesh","141","Gautam Buddha Nagar","Deshi","1200","1600","1400"
"2022-04-12","Tomato","1903","Dadri","9","Uttar Pradesh","141","Gautam Buddha Nagar","Deshi","1300","1450","1370"
"2022-04-12","Tomato","1903","Dadri","9","Uttar Pradesh","141","Gautam Buddha Nagar","Hybrid","1380","1520","1440"
"2022-04-11","Tomato","1903","Dadri","9","Uttar Pradesh","141","Gautam Buddha Nagar","Deshi","1330","1480","1400"
"2022-04-11","Tomato","2541","Dankaur","9","Uttar Pradesh","141","Gautam Buddha Nagar","Deshi","1100","1450","1300"
"2022-04-11","Tomato","1903","Dadri","9","Uttar Pradesh","141","Gautam Buddha Nagar","Hybrid","1380","1540","1460"
"2022-04-10","Tomato","1903","Dadri","9","Uttar Pradesh","141","Gautam Buddha Nagar","Deshi","1270","1430","1350"
"2022-04-10","Tomato","1903","Dadri","9","Uttar Pradesh","141","Gautam Buddha Nagar","Hybrid","1350","1500","1420"
"2022-04-10","Tomato","2541","Dankaur","9","Uttar Pradesh","141","Gautam Buddha Nagar","Deshi","1200","1455","1355"
"2022-04-09","Tomato","1903","Dadri","9","Uttar Pradesh","141","Gautam Buddha Nagar","Deshi","1270","1440","1350"
"2022-04-09","Tomato","1903","Dadri","9","Uttar Pradesh","141","Gautam Buddha Nagar","Hybrid","1340","1500","1420"
"2022-04-08","Tomato","1903","Dadri","9","Uttar Pradesh","141","Gautam Buddha Nagar","Hybrid","1260","1430","1350"
"2022-04-08","Tomato","2541","Dankaur","9","Uttar Pradesh","141","Gautam Buddha Nagar","Deshi","1200","1455","1300"
"2022-04-08","Tomato","1903","Dadri","9","Uttar Pradesh","141","Gautam Buddha Nagar","Deshi","1230","1400","1300"
"2022-04-07","Tomato","1903","Dadri","9","Uttar Pradesh","141","Gautam Buddha Nagar","Deshi","1270","1440","1350"
"2022-04-06","Tomato","2541","Dankaur","9","Uttar Pradesh","141","Gautam Buddha Nagar","Deshi","1200","1450","1325"
"2022-04-05","Tomato","1903","Dadri","9","Uttar Pradesh","141","Gautam Buddha Nagar","Deshi","1230","1380","1300"
"2022-04-05","Tomato","2541","Dankaur","9","Uttar Pradesh","141","Gautam Buddha Nagar","Deshi","1100","1450","1300"
"2022-04-05","Tomato","1903","Dadri","9","Uttar Pradesh","141","Gautam Buddha Nagar","Hybrid","1280","1440","1350"
"2022-04-04","Tomato","2541","Dankaur","9","Uttar Pradesh","141","Gautam Buddha Nagar","Deshi","1100","1450","1200"
"2022-04-04","Tomato","1903","Dadri","9","Uttar Pradesh","141","Gautam Buddha Nagar","Deshi","1150","1300","1230"
"2022-04-04","Tomato","1903","Dadri","9","Uttar Pradesh","141","Gautam Buddha Nagar","Hybrid","1200","1370","1280"
"2022-04-03","Tomato","1903","Dadri","9","Uttar Pradesh","141","Gautam Buddha Nagar","Deshi","1150","1300","1230"
"2022-04-03","Tomato","1903","Dadri","9","Uttar Pradesh","141","Gautam Buddha Nagar","Hybrid","1200","1350","1280"
"2022-04-03","Tomato","2541","Dankaur","9","Uttar Pradesh","141","Gautam Buddha Nagar","Deshi","1100","1455","1230"
"2022-04-02","Tomato","1903","Dadri","9","Uttar Pradesh","141","Gautam Buddha Nagar","Hybrid","1200","1350","1270"
"2022-04-02","Tomato","1903","Dadri","9","Uttar Pradesh","141","Gautam Buddha Nagar","Deshi","1130","1270","1200"
"2022-04-02","Tomato","2541","Dankaur","9","Uttar Pradesh","141","Gautam Buddha Nagar","Deshi","1100","1400","1200"
"2022-03-31","Tomato","1903","Dadri","9","Uttar Pradesh","141","Gautam Buddha Nagar","Deshi","1150","1300","1230"
"2022-03-31","Tomato","1903","Dadri","9","Uttar Pradesh","141","Gautam Buddha Nagar","Hybrid","1230","1380","1300"
"2022-03-30","Tomato","2541","Dankaur","9","Uttar Pradesh","141","Gautam Buddha Nagar","Deshi","1100","1455","1300"
"2022-03-29","Tomato","1903","Dadri","9","Uttar Pradesh","141","Gautam Buddha Nagar","Deshi","1220","1380","1300"
"2022-03-29","Tomato","2541","Dankaur","9","Uttar Pradesh","141","Gautam Buddha Nagar","Deshi","1200","1455","1350"
"2022-03-29","Tomato","1903","Dadri","9","Uttar Pradesh","141","Gautam Buddha Nagar","Hybrid","1280","1430","1350"
"2022-03-28","Tomato","1903","Dadri","9","Uttar Pradesh","141","Gautam Buddha Nagar","Hybrid","1250","1400","1330"
"2022-03-28","Tomato","2541","Dankaur","9","Uttar Pradesh","141","Gautam Buddha Nagar","Deshi","1100","1450","1300"
"2022-03-28","Tomato","1903","Dadri","9","Uttar Pradesh","141","Gautam Buddha Nagar","Deshi","1200","1350","1270"
"2022-03-27","Tomato","1903","Dadri","9","Uttar Pradesh","141","Gautam Buddha Nagar","Hybrid","1250","1400","1330"
"2022-03-27","Tomato","1903","Dadri","9","Uttar Pradesh","141","Gautam Buddha Nagar","Deshi","1200","1350","1270"
"2022-03-26","Tomato","2541","Dankaur","9","Uttar Pradesh","141","Gautam Buddha Nagar","Deshi","1100","1500","1240"
"2022-03-26","Tomato","1903","Dadri","9","Uttar Pradesh","141","Gautam Buddha Nagar","Deshi","1150","1300","1230"
"2022-03-26","Tomato","1903","Dadri","9","Uttar Pradesh","141","Gautam Buddha Nagar","Hybrid","1200","1370","1290"
"2022-03-25","Tomato","1903","Dadri","9","Uttar Pradesh","141","Gautam Buddha Nagar","Deshi","1150","1300","1220"
"2022-03-25","Tomato","1903","Dadri","9","Uttar Pradesh","141","Gautam Buddha Nagar","Hybrid","1200","1380","1280"
"2022-03-25","Tomato","2541","Dankaur","9","Uttar Pradesh","141","Gautam Buddha Nagar","Deshi","1100","1400","1280"
"2022-03-23","Tomato","2541","Dankaur","9","Uttar Pradesh","141","Gautam Buddha Nagar","Deshi","1100","1400","1250"
"2022-03-22","Tomato","1903","Dadri","9","Uttar Pradesh","141","Gautam Buddha Nagar","Hybrid","1170","1330","1250"
"2022-03-22","Tomato","1903","Dadri","9","Uttar Pradesh","141","Gautam Buddha Nagar","Deshi","1130","1280","1200"
"2022-03-22","Tomato","2541","Dankaur","9","Uttar Pradesh","141","Gautam Buddha Nagar","Deshi","1100","1400","1200"
"2022-03-21","Tomato","2541","Dankaur","9","Uttar Pradesh","141","Gautam Buddha Nagar","Deshi","1100","1355","1250"
"2022-03-21","Tomato","1903","Dadri","9","Uttar Pradesh","141","Gautam Buddha Nagar","Hybrid","1200","1350","1280"
"2022-03-21","Tomato","1903","Dadri","9","Uttar Pradesh","141","Gautam Buddha Nagar","Deshi","1150","1300","1220"
"2022-03-20","Tomato","1903","Dadri","9","Uttar Pradesh","141","Gautam Buddha Nagar","Hybrid","1200","1370","1280"
"2022-03-20","Tomato","2541","Dankaur","9","Uttar Pradesh","141","Gautam Buddha Nagar","Deshi","1100","1400","1200"
"2022-03-20","Tomato","1903","Dadri","9","Uttar Pradesh","141","Gautam Buddha Nagar","Deshi","1150","1300","1220"
"2022-03-19","Tomato","1903","Dadri","9","Uttar Pradesh","141","Gautam Buddha Nagar","Deshi","1120","1280","1200"
"2022-03-19","Tomato","1903","Dadri","9","Uttar Pradesh","141","Gautam Buddha Nagar","Hybrid","1200","1350","1270"
"2022-03-19","Tomato","2541","Dankaur","9","Uttar Pradesh","141","Gautam Buddha Nagar","Deshi","1100","1355","1255"
"2022-03-16","Tomato","2541","Dankaur","9","Uttar Pradesh","141","Gautam Buddha Nagar","Deshi","1200","1560","1400"
"2022-03-15","Tomato","2541","Dankaur","9","Uttar Pradesh","141","Gautam Buddha Nagar","Deshi","1200","1455","1300"
"2022-03-15","Tomato","1903","Dadri","9","Uttar Pradesh","141","Gautam Buddha Nagar","Hybrid","1230","1380","1300"
"2022-03-15","Tomato","1903","Dadri","9","Uttar Pradesh","141","Gautam Buddha Nagar","Deshi","1150","1300","1230"
"2022-03-14","Tomato","1903","Dadri","9","Uttar Pradesh","141","Gautam Buddha Nagar","Deshi","1270","1440","1350"
"2022-03-14","Tomato","2541","Dankaur","9","Uttar Pradesh","141","Gautam Buddha Nagar","Deshi","1200","1560","1325"
"2022-03-14","Tomato","1903","Dadri","9","Uttar Pradesh","141","Gautam Buddha Nagar","Hybrid","1330","1480","1400"
"2022-03-13","Tomato","1903","Dadri","9","Uttar Pradesh","141","Gautam Buddha Nagar","Hybrid","1300","1500","1400"
"2022-03-13","Tomato","2541","Dankaur","9","Uttar Pradesh","141","Gautam Buddha Nagar","Deshi","1200","1555","1300"
"2022-03-13","Tomato","1903","Dadri","9","Uttar Pradesh","141","Gautam Buddha Nagar","Deshi","1250","1450","1350"
"2022-03-12","Tomato","1903","Dadri","9","Uttar Pradesh","141","Gautam Buddha Nagar","Hybrid","1300","1470","1380"
"2022-03-12","Tomato","1903","Dadri","9","Uttar Pradesh","141","Gautam Buddha Nagar","Deshi","1250","1400","1320"
"2022-03-11","Tomato","1903","Dadri","9","Uttar Pradesh","141","Gautam Buddha Nagar","Deshi","1250","1400","1320"
"2022-03-11","Tomato","1903","Dadri","9","Uttar Pradesh","141","Gautam Buddha Nagar","Hybrid","1300","1450","1380"
"2022-03-11","Tomato","2541","Dankaur","9","Uttar Pradesh","141","Gautam Buddha Nagar","Deshi","1100","1455","1300"
"2022-03-10","Tomato","1903","Dadri","9","Uttar Pradesh","141","Gautam Buddha Nagar","Deshi","1230","1380","1300"
"2022-03-10","Tomato","1903","Dadri","9","Uttar Pradesh","141","Gautam Buddha Nagar","Hybrid","1290","1450","1370"
"2022-03-09","Tomato","2541","Dankaur","9","Uttar Pradesh","141","Gautam Buddha Nagar","Deshi","1100","1400","1225"
"2022-03-08","Tomato","2541","Dankaur","9","Uttar Pradesh","141","Gautam Buddha Nagar","Deshi","1100","1450","1200"
"2022-03-08","Tomato","1903","Dadri","9","Uttar Pradesh","141","Gautam Buddha Nagar","Hybrid","1280","1430","1350"
"2022-03-08","Tomato","1903","Dadri","9","Uttar Pradesh","141","Gautam Buddha Nagar","Deshi","1220","1380","1300"
"2022-03-07","Tomato","1903","Dadri","9","Uttar Pradesh","141","Gautam Buddha Nagar","Hybrid","1320","1480","1400"
"2022-03-07","Tomato","1903","Dadri","9","Uttar Pradesh","141","Gautam Buddha Nagar","Deshi","1250","1400","1320"
"2022-03-07","Tomato","2541","Dankaur","9","Uttar Pradesh","141","Gautam Buddha Nagar","Deshi","1200","1450","1350"
"2022-03-06","Tomato","2541","Dankaur","9","Uttar Pradesh","141","Gautam Buddha Nagar","Deshi","1200","1455","1365"
"2022-03-06","Tomato","1903","Dadri","9","Uttar Pradesh","141","Gautam Buddha Nagar","Hybrid","1340","1500","1420"
"2022-03-06","Tomato","1903","Dadri","9","Uttar Pradesh","141","Gautam Buddha Nagar","Deshi","1240","1440","1350"
"2022-03-05","Tomato","1903","Dadri","9","Uttar Pradesh","141","Gautam Buddha Nagar","Deshi","1230","1380","1300"
"2022-03-05","Tomato","1903","Dadri","9","Uttar Pradesh","141","Gautam Buddha Nagar","Hybrid","1270","1430","1350"
"2022-03-05","Tomato","2541","Dankaur","9","Uttar Pradesh","141","Gautam Buddha Nagar","Deshi","1200","1450","1300"
"2022-03-04","Tomato","1903","Dadri","9","Uttar Pradesh","141","Gautam Buddha Nagar","Hybrid","1250","1400","1320"
"2022-03-04","Tomato","1903","Dadri","9","Uttar Pradesh","141","Gautam Buddha Nagar","Deshi","1180","1350","1250"
"2022-03-04","Tomato","2541","Dankaur","9","Uttar Pradesh","141","Gautam Buddha Nagar","Deshi","1100","1450","1256"
"2022-03-03","Tomato","1903","Dadri","9","Uttar Pradesh","141","Gautam Buddha Nagar","Deshi","1230","1380","1300"
"2022-03-03","Tomato","1903","Dadri","9","Uttar Pradesh","141","Gautam Buddha Nagar","Hybrid","1280","1450","1360"
"2022-03-02","Tomato","2541","Dankaur","9","Uttar Pradesh","141","Gautam Buddha Nagar","Deshi","1200","1455","1325"
"2022-02-28","Tomato","2541","Dankaur","9","Uttar Pradesh","141","Gautam Buddha Nagar","Deshi","1200","1455","1365"
"2022-02-28","Tomato","1903","Dadri","9","Uttar Pradesh","141","Gautam Buddha Nagar","Hybrid","1300","1460","1380"
"2022-02-28","Tomato","1903","Dadri","9","Uttar Pradesh","141","Gautam Buddha Nagar","Deshi","1250","1400","1320"
"2022-02-27","Tomato","1903","Dadri","9","Uttar Pradesh","141","Gautam Buddha Nagar","Deshi","1230","1380","1300"
"2022-02-27","Tomato","1903","Dadri","9","Uttar Pradesh","141","Gautam Buddha Nagar","Hybrid","1280","1450","1360"
"2022-02-27","Tomato","2541","Dankaur","9","Uttar Pradesh","141","Gautam Buddha Nagar","Deshi","1200","1450","1320"
"2022-02-26","Tomato","1903","Dadri","9","Uttar Pradesh","141","Gautam Buddha Nagar","Hybrid","1280","1440","1360"
"2022-02-26","Tomato","2541","Dankaur","9","Uttar Pradesh","141","Gautam Buddha Nagar","Deshi","1200","1455","1325"
"2022-02-26","Tomato","1903","Dadri","9","Uttar Pradesh","141","Gautam Buddha Nagar","Deshi","1220","1380","1300"
"2022-02-25","Tomato","2541","Dankaur","9","Uttar Pradesh","141","Gautam Buddha Nagar","Deshi","1200","1450","1300"
"2022-02-25","Tomato","1903","Dadri","9","Uttar Pradesh","141","Gautam Buddha Nagar","Deshi","1250","1400","1320"
"2022-02-25","Tomato","1903","Dadri","9","Uttar Pradesh","141","Gautam Buddha Nagar","Hybrid","1300","1450","1380"
"2022-02-24","Tomato","1903","Dadri","9","Uttar Pradesh","141","Gautam Buddha Nagar","Hybrid","1300","1460","1380"
"2022-02-24","Tomato","1903","Dadri","9","Uttar Pradesh","141","Gautam Buddha Nagar","Deshi","1250","1400","1320"
"2022-02-23","Tomato","2541","Dankaur","9","Uttar Pradesh","141","Gautam Buddha Nagar","Deshi","1200","1450","1320"
"2022-02-22","Tomato","1903","Dadri","9","Uttar Pradesh","141","Gautam Buddha Nagar","Hybrid","1350","1500","1420"
"2022-02-22","Tomato","1903","Dadri","9","Uttar Pradesh","141","Gautam Buddha Nagar","Deshi","1270","1430","1350"
"2022-02-22","Tomato","2541","Dankaur","9","Uttar Pradesh","141","Gautam Buddha Nagar","Deshi","1100","1450","1300"
"2022-02-21","Tomato","1903","Dadri","9","Uttar Pradesh","141","Gautam Buddha Nagar","Deshi","1270","1430","1350"
"2022-02-21","Tomato","2541","Dankaur","9","Uttar Pradesh","141","Gautam Buddha Nagar","Deshi","1200","1450","1350"
"2022-02-21","Tomato","1903","Dadri","9","Uttar Pradesh","141","Gautam Buddha Nagar","Hybrid","1350","1500","1420"
"2022-02-20","Tomato","1903","Dadri","9","Uttar Pradesh","141","Gautam Buddha Nagar","Deshi","1300","1450","1370"
"2022-02-20","Tomato","1903","Dadri","9","Uttar Pradesh","141","Gautam Buddha Nagar","Hybrid","1350","1500","1430"
"2022-02-20","Tomato","2541","Dankaur","9","Uttar Pradesh","141","Gautam Buddha Nagar","Deshi","1200","1455","1385"
"2022-02-19","Tomato","1903","Dadri","9","Uttar Pradesh","141","Gautam Buddha Nagar","Deshi","1280","1430","1350"
"2022-02-19","Tomato","1903","Dadri","9","Uttar Pradesh","141","Gautam Buddha Nagar","Hybrid","1330","1480","1400"
"2022-02-19","Tomato","2541","Dankaur","9","Uttar Pradesh","141","Gautam Buddha Nagar","Deshi","1200","1450","1350"
"2022-02-18","Tomato","2541","Dankaur","9","Uttar Pradesh","141","Gautam Buddha Nagar","Deshi","1250","1560","1450"
"2022-02-18","Tomato","1903","Dadri","9","Uttar Pradesh","141","Gautam Buddha Nagar","Deshi","1300","1450","1380"
"2022-02-18","Tomato","1903","Dadri","9","Uttar Pradesh","141","Gautam Buddha Nagar","Hybrid","1350","1500","1430"
"2022-02-17","Tomato","1903","Dadri","9","Uttar Pradesh","141","Gautam Buddha Nagar","Deshi","1330","1480","1400"
"2022-02-17","Tomato","1903","Dadri","9","Uttar Pradesh","141","Gautam Buddha Nagar","Hybrid","1380","1530","1450"
"2022-02-16","Tomato","2541","Dankaur","9","Uttar Pradesh","141","Gautam Buddha Nagar","Deshi","1200","1560","1450"
"2022-02-15","Tomato","2541","Dankaur","9","Uttar Pradesh","141","Gautam Buddha Nagar","Deshi","1200","1600","1420"
"2022-02-15","Tomato","1903","Dadri","9","Uttar Pradesh","141","Gautam Buddha Nagar","Hybrid","1380","1550","1460"
"2022-02-15","Tomato","1903","Dadri","9","Uttar Pradesh","141","Gautam Buddha Nagar","Deshi","1330","1480","1400"
"2022-02-14","Tomato","1903","Dadri","9","Uttar Pradesh","141","Gautam Buddha Nagar","Hybrid","1350","1500","1430"
"2022-02-14","Tomato","2541","Dankaur","9","Uttar Pradesh","141","Gautam Buddha Nagar","Deshi","1230","1655","1400"
"2022-02-14","Tomato","1903","Dadri","9","Uttar Pradesh","141","Gautam Buddha Nagar","Deshi","1300","1450","1380"
"2022-02-13","Tomato","1903","Dadri","9","Uttar Pradesh","141","Gautam Buddha Nagar","Hybrid","1330","1480","1400"
"2022-02-13","Tomato","1903","Dadri","9","Uttar Pradesh","141","Gautam Buddha Nagar","Deshi","1270","1430","1350"
"2022-02-13","Tomato","2541","Dankaur","9","Uttar Pradesh","141","Gautam Buddha Nagar","Deshi","1200","1450","1380"
"2022-02-12","Tomato","2541","Dankaur","9","Uttar Pradesh","141","Gautam Buddha Nagar","Deshi","1200","1600","1400"
"2022-02-12","Tomato","1903","Dadri","9","Uttar Pradesh","141","Gautam Buddha Nagar","Hybrid","1300","1450","1370"
"2022-02-12","Tomato","1903","Dadri","9","Uttar Pradesh","141","Gautam Buddha Nagar","Deshi","1230","1380","1300"
"2022-02-11","Tomato","1903","Dadri","9","Uttar Pradesh","141","Gautam Buddha Nagar","Deshi","1230","1380","1300"
"2022-02-11","Tomato","2541","Dankaur","9","Uttar Pradesh","141","Gautam Buddha Nagar","Deshi","1200","1500","1350"
"2022-02-11","Tomato","1903","Dadri","9","Uttar Pradesh","141","Gautam Buddha Nagar","Hybrid","1300","1450","1370"
"2022-02-09","Tomato","2541","Dankaur","9","Uttar Pradesh","141","Gautam Buddha Nagar","Deshi","1200","1400","1300"
"2022-02-08","Tomato","2541","Dankaur","9","Uttar Pradesh","141","Gautam Buddha Nagar","Deshi","1200","1450","1350"
"2022-02-08","Tomato","1903","Dadri","9","Uttar Pradesh","141","Gautam Buddha Nagar","Deshi","1300","1470","1380"
"2022-02-07","Tomato","1903","Dadri","9","Uttar Pradesh","141","Gautam Buddha Nagar","Deshi","1300","1500","1400"
"2022-02-07","Tomato","2541","Dankaur","9","Uttar Pradesh","141","Gautam Buddha Nagar","Deshi","1250","1560","1425"
"2022-02-06","Tomato","1903","Dadri","9","Uttar Pradesh","141","Gautam Buddha Nagar","Deshi","1330","1500","1400"
"2022-02-06","Tomato","2541","Dankaur","9","Uttar Pradesh","141","Gautam Buddha Nagar","Deshi","1230","1560","1400"
"2022-02-05","Tomato","2541","Dankaur","9","Uttar Pradesh","141","Gautam Buddha Nagar","Deshi","1200","1450","1355"
"2022-02-05","Tomato","1903","Dadri","9","Uttar Pradesh","141","Gautam Buddha Nagar","Deshi","1300","1450","1380"
"2022-02-04","Tomato","2541","Dankaur","9","Uttar Pradesh","141","Gautam Buddha Nagar","Deshi","1200","1450","1350"
"2022-02-04","Tomato","1903","Dadri","9","Uttar Pradesh","141","Gautam Buddha Nagar","Deshi","1280","1420","1350"
"2022-02-03","Tomato","1903","Dadri","9","Uttar Pradesh","141","Gautam Buddha Nagar","Deshi","1260","1440","1350"
"2022-02-02","Tomato","2541","Dankaur","9","Uttar Pradesh","141","Gautam Buddha Nagar","Deshi","1150","1455","1300"
"2022-01-31","Tomato","1903","Dadri","9","Uttar Pradesh","141","Gautam Buddha Nagar","Deshi","1230","1400","1300"
"2022-01-31","Tomato","2541","Dankaur","9","Uttar Pradesh","141","Gautam Buddha Nagar","Deshi","1200","1450","1350"
"2022-01-30","Tomato","2541","Dankaur","9","Uttar Pradesh","141","Gautam Buddha Nagar","Deshi","2200","2450","2300"
"2022-01-30","Tomato","1903","Dadri","9","Uttar Pradesh","141","Gautam Buddha Nagar","Deshi","1270","1420","1350"
"2022-01-29","Tomato","1903","Dadri","9","Uttar Pradesh","141","Gautam Buddha Nagar","Deshi","1270","1430","1350"
"2022-01-29","Tomato","2541","Dankaur","9","Uttar Pradesh","141","Gautam Buddha Nagar","Deshi","1200","1450","1320"
"2022-01-28","Tomato","2541","Dankaur","9","Uttar Pradesh","141","Gautam Buddha Nagar","Deshi","1200","1450","1355"
"2022-01-28","Tomato","1903","Dadri","9","Uttar Pradesh","141","Gautam Buddha Nagar","Deshi","1300","1450","1380"
"2022-01-27","Tomato","1903","Dadri","9","Uttar Pradesh","141","Gautam Buddha Nagar","Hybrid","1400","1520","1460"
"2022-01-27","Tomato","1903","Dadri","9","Uttar Pradesh","141","Gautam Buddha Nagar","Deshi","1330","1480","1400"
"2022-01-26","Tomato","2541","Dankaur","9","Uttar Pradesh","141","Gautam Buddha Nagar","Deshi","1400","1650","1500"
"2022-01-25","Tomato","1903","Dadri","9","Uttar Pradesh","141","Gautam Buddha Nagar","Hybrid","1140","1570","1500"
"2022-01-25","Tomato","1903","Dadri","9","Uttar Pradesh","141","Gautam Buddha Nagar","Deshi","1350","1500","1430"
"2022-01-25","Tomato","2541","Dankaur","9","Uttar Pradesh","141","Gautam Buddha Nagar","Deshi","1200","1560","1400"
"2022-01-24","Tomato","2541","Dankaur","9","Uttar Pradesh","141","Gautam Buddha Nagar","Deshi","1300","1560","1415"
"2022-01-24","Tomato","1903","Dadri","9","Uttar Pradesh","141","Gautam Buddha Nagar","Hybrid","1400","1550","1470"
"2022-01-24","Tomato","1903","Dadri","9","Uttar Pradesh","141","Gautam Buddha Nagar","Deshi","1330","1480","1400"
"2022-01-23","Tomato","1903","Dadri","9","Uttar Pradesh","141","Gautam Buddha Nagar","Deshi","1330","1470","1400"
"2022-01-23","Tomato","1903","Dadri","9","Uttar Pradesh","141","Gautam Buddha Nagar","Hybrid","1400","1550","1470"
"2022-01-23","Tomato","2541","Dankaur","9","Uttar Pradesh","141","Gautam Buddha Nagar","Deshi","1300","1500","1400"
"2022-01-22","Tomato","1903","Dadri","9","Uttar Pradesh","141","Gautam Buddha Nagar","Hybrid","1300","1450","1370"
"2022-01-22","Tomato","1903","Dadri","9","Uttar Pradesh","141","Gautam Buddha Nagar","Deshi","1230","1380","1300"
"2022-01-22","Tomato","2541","Dankaur","9","Uttar Pradesh","141","Gautam Buddha Nagar","Deshi","1200","1400","1320"
"2022-01-21","Tomato","2541","Dankaur","9","Uttar Pradesh","141","Gautam Buddha Nagar","Deshi","1400","1650","1520"
"2022-01-21","Tomato","1903","Dadri","9","Uttar Pradesh","141","Gautam Buddha Nagar","Hybrid","1330","1480","1400"
"2022-01-21","Tomato","1903","Dadri","9","Uttar Pradesh","141","Gautam Buddha Nagar","Deshi","1280","1440","1350"
"2022-01-20","Tomato","1903","Dadri","9","Uttar Pradesh","141","Gautam Buddha Nagar","Hybrid","1500","1650","1570"
"2022-01-20","Tomato","1903","Dadri","9","Uttar Pradesh","141","Gautam Buddha Nagar","Deshi","1430","1580","1500"
"2022-01-19","Tomato","2541","Dankaur","9","Uttar Pradesh","141","Gautam Buddha Nagar","Deshi","1400","1600","1500"
"2022-01-18","Tomato","2541","Dankaur","9","Uttar Pradesh","141","Gautam Buddha Nagar","Deshi","1300","1560","1400"
"2022-01-18","Tomato","1903","Dadri","9","Uttar Pradesh","141","Gautam Buddha Nagar","Deshi","1500","1620","1550"
"2022-01-18","Tomato","1903","Dadri","9","Uttar Pradesh","141","Gautam Buddha Nagar","Hybrid","1550","1690","1620"
"2022-01-17","Tomato","1903","Dadri","9","Uttar Pradesh","141","Gautam Buddha Nagar","Deshi","1430","1570","1500"
"2022-01-17","Tomato","2541","Dankaur","9","Uttar Pradesh","141","Gautam Buddha Nagar","Deshi","1300","1560","1485"
"2022-01-17","Tomato","1903","Dadri","9","Uttar Pradesh","141","Gautam Buddha Nagar","Hybrid","1480","1630","1550"
"2022-01-16","Tomato","1903","Dadri","9","Uttar Pradesh","141","Gautam Buddha Nagar","Deshi","1430","1580","1500"
"2022-01-16","Tomato","1903","Dadri","9","Uttar Pradesh","141","Gautam Buddha Nagar","Hybrid","1470","1630","1550"
"2022-01-15","Tomato","1903","Dadri","9","Uttar Pradesh","141","Gautam Buddha Nagar","Hybrid","1450","1600","1530"
"2022-01-15","Tomato","2541","Dankaur","9","Uttar Pradesh","141","Gautam Buddha Nagar","Deshi","1200","1400","1300"
"2022-01-15","Tomato","1903","Dadri","9","Uttar Pradesh","141","Gautam Buddha Nagar","Deshi","1380","1530","1450"
"2022-01-14","Tomato","2541","Dankaur","9","Uttar Pradesh","141","Gautam Buddha Nagar","Deshi","1200","1400","1355"
"2022-01-14","Tomato","1903","Dadri","9","Uttar Pradesh","141","Gautam Buddha Nagar","Hybrid","1450","1600","1530"
"2022-01-14","Tomato","1903","Dadri","9","Uttar Pradesh","141","Gautam Buddha Nagar","Deshi","1370","1520","1450"
"2022-01-12","Tomato","2541","Dankaur","9","Uttar Pradesh","141","Gautam Buddha Nagar","Deshi","1420","1640","1540"
"2022-01-11","Tomato","2541","Dankaur","9","Uttar Pradesh","141","Gautam Buddha Nagar","Deshi","1400","1625","1580"
"2022-01-11","Tomato","1903","Dadri","9","Uttar Pradesh","141","Gautam Buddha Nagar","Deshi","1450","1570","1500"
"2022-01-11","Tomato","1903","Dadri","9","Uttar Pradesh","141","Gautam Buddha Nagar","Hybrid","1500","1650","1580"
"2022-01-10","Tomato","1903","Dadri","9","Uttar Pradesh","141","Gautam Buddha Nagar","Deshi","1500","1650","1580"
"2022-01-10","Tomato","2541","Dankaur","9","Uttar Pradesh","141","Gautam Buddha Nagar","Deshi","1255","1560","1475"
"2022-01-10","Tomato","1903","Dadri","9","Uttar Pradesh","141","Gautam Buddha Nagar","Hybrid","1570","1720","1650"
"2022-01-09","Tomato","2541","Dankaur","9","Uttar Pradesh","141","Gautam Buddha Nagar","Deshi","1250","1545","1400"
"2022-01-09","Tomato","1903","Dadri","9","Uttar Pradesh","141","Gautam Buddha Nagar","Deshi","1400","1530","1450"
"2022-01-09","Tomato","1903","Dadri","9","Uttar Pradesh","141","Gautam Buddha Nagar","Hybrid","1440","1580","1500"
"2022-01-08","Tomato","1903","Dadri","9","Uttar Pradesh","141","Gautam Buddha Nagar","Hybrid","1430","1600","1500"
"2022-01-08","Tomato","1903","Dadri","9","Uttar Pradesh","141","Gautam Buddha Nagar","Deshi","1370","1530","1450"
"2022-01-08","Tomato","2541","Dankaur","9","Uttar Pradesh","141","Gautam Buddha Nagar","Deshi","1400","1500","1425"
"2022-01-07","Tomato","1903","Dadri","9","Uttar Pradesh","141","Gautam Buddha Nagar","Deshi","1540","1650","1600"
"2022-01-07","Tomato","2541","Dankaur","9","Uttar Pradesh","141","Gautam Buddha Nagar","Deshi","1500","1750","1610"
"2022-01-07","Tomato","1903","Dadri","9","Uttar Pradesh","141","Gautam Buddha Nagar","Hybrid","1600","1730","1650"
"2022-01-06","Tomato","1903","Dadri","9","Uttar Pradesh","141","Gautam Buddha Nagar","Hybrid","1840","1970","1900"
"2022-01-06","Tomato","1903","Dadri","9","Uttar Pradesh","141","Gautam Buddha Nagar","Deshi","1770","1930","1850"
"2022-01-05","Tomato","2541","Dankaur","9","Uttar Pradesh","141","Gautam Buddha Nagar","Deshi","1900","2250","2100"
"2022-01-04","Tomato","2541","Dankaur","9","Uttar Pradesh","141","Gautam Buddha Nagar","Deshi","2050","2250","2140"
"2022-01-04","Tomato","1903","Dadri","9","Uttar Pradesh","141","Gautam Buddha Nagar","Deshi","2030","2170","2100"
"2022-01-04","Tomato","1903","Dadri","9","Uttar Pradesh","141","Gautam Buddha Nagar","Hybrid","2080","2220","2150"
"2022-01-03","Tomato","1903","Dadri","9","Uttar Pradesh","141","Gautam Buddha Nagar","Hybrid","2100","2250","2180"
"2022-01-03","Tomato","1903","Dadri","9","Uttar Pradesh","141","Gautam Buddha Nagar","Deshi","2050","2200","2120"
"2022-01-02","Tomato","1903","Dadri","9","Uttar Pradesh","141","Gautam Buddha Nagar","Deshi","2030","2170","2100"
"2022-01-02","Tomato","1903","Dadri","9","Uttar Pradesh","141","Gautam Buddha Nagar","Hybrid","2080","2220","2150"
"2022-01-02","Tomato","2541","Dankaur","9","Uttar Pradesh","141","Gautam Buddha Nagar","Deshi","2050","2255","2140"